,AMSAssetRef,State,CorrosionRegionType,StructureClassCode,Height,PaintingType
0,ACT001856_STR_1,ACT,B (Low),TOWER STEEL,40.0,NOT PAINTED
1,ACT002093_STR_1,ACT,B (Low),POLE CONCRETE,20.0,NOT PAINTED
2,ACT002191_STR_1,ACT,B (Low),MAST FREE STANDING,3.8,NOT PAINTED
3,ACT002244_STR_1,ACT,B (Low),POLE STEEL,20.0,NOT PAINTED
4,ACT002305_STR_1,ACT,B (Low),POLE STEEL,15.0,NOT PAINTED
5,ACT002337_STR_1,ACT,B (Low),POLE STEEL,22.0,ENVIRONMENT / AESTHETIC
6,ACT002344_STR_1,ACT,B (Low),POLE CONCRETE,25.0,
7,ACT002399_STR_1,ACT,B (Low),POLE STEEL,12.0,NOT PAINTED
8,ACT002400_STR_1,ACT,B (Low),POLE STEEL,20.0,NOT PAINTED
9,ACT002401_STR_1,ACT,B (Low),POLE STEEL,20.0,NOT PAINTED
10,ACT002423_STR_1,ACT,B (Low),POLE STEEL,20.0,NOT PAINTED
11,ACT002424_STR_1,ACT,B (Low),POLE STEEL,20.0,NOT PAINTED
12,ACT002463_STR_1,ACT,B (Low),POLE STEEL,20.0,NOT PAINTED
13,ACT002544_STR_1,ACT,B (Low),POLE STEEL,12.0,ENVIRONMENT / AESTHETIC
14,ACT002629_STR_1,ACT,B (Low),POLE STEEL,22.0,NOT PAINTED
15,ACT002755_STR_1,ACT,B (Low),POLE CONCRETE,15.0,NOT PAINTED
16,ACT002814_STR_1,ACT,B (Low),POLE CONCRETE,35.0,ENVIRONMENT / AESTHETIC
17,ACT002815_STR_1,ACT,B (Low),POLE STEEL,20.0,NOT PAINTED
18,ACT002816_STR_1,ACT,B (Low),POLE STEEL,12.0,ENVIRONMENT / AESTHETIC
19,ACT002817_STR_1,ACT,B (Low),POLE STEEL,25.0,NOT PAINTED
20,ACT002818_STR_1,ACT,B (Low),POLE STEEL,12.0,NOT PAINTED
21,ACT003195_STR_1,ACT,B (Low),POLE STEEL,22.3,NOT PAINTED
22,ACT003463_STR_1,ACT,B (Low),POLE CONCRETE,20.0,ENVIRONMENT / AESTHETIC
23,ACT003464_STR_1,ACT,B (Low),POLE STEEL,13.5,NOT PAINTED
24,ACT003792_STR_1,ACT,B (Low),POLE STEEL,30.0,
25,ACT003845_STR_1,ACT,B (Low),POLE STEEL,30.0,NOT PAINTED
26,ACT004047_STR_1,ACT,B (Low),POLE STEEL,25.0,NOT PAINTED
27,ACT004128_STR_1,ACT,B (Low),POLE CONCRETE,35.0,NOT PAINTED
28,ACT006342_STR_1,ACT,B (Low),POLE STEEL,20.0,NOT PAINTED
29,ACT006388_STR_1,ACT,B (Low),POLE CONCRETE,12.1,NOT PAINTED
30,ACT006388_STR_2,ACT,B (Low),POLE CONCRETE,30.0,NOT PAINTED
31,ACT006394_STR_1,ACT,B (Low),POLE STEEL,20.0,NOT PAINTED
32,ACT006404_STR_1,ACT,B (Low),POLE STEEL,22.0,NOT PAINTED
33,ACT006416_STR_1,ACT,B (Low),BUILDING EXTERNAL,14.0,NOT PAINTED
34,ACT006427_STR_1,ACT,A (Very Low),TOWER STEEL,26.0,NOT PAINTED
35,ACT006515_STR_1,ACT,B (Low),POLE CONCRETE,25.0,ENVIRONMENT / AESTHETIC
36,ACT006615_STR_1,ACT,B (Low),TOWER TIMBER,10.7,NOT PAINTED
37,ACT006634_STR_1,ACT,E (Very High),MAST FREE STANDING,18.9,NOT PAINTED
38,ACT006636_STR_1,ACT,B (Low),POLE STEEL,25.0,NOT PAINTED
39,ACT006882_STR_1,ACT,B (Low),POLE TIMBER,15.0,NOT PAINTED
40,ACT006882_STR_2,ACT,B (Low),POLE TIMBER,15.0,NOT PAINTED
41,ACT006886_STR_1,ACT,B (Low),BUILDING EXTERNAL,195.0,NOT PAINTED
42,ACT006932_STR_1,ACT,B (Low),POLE STEEL,30.0,NOT PAINTED
43,ACT007057_STR_1,ACT,B (Low),POLE STEEL,30.0,NOT PAINTED
44,ACT007085_STR_1,ACT,B (Low),POLE CONCRETE,25.0,ENVIRONMENT / AESTHETIC
45,ACT007093_STR_1,ACT,B (Low),POLE CONCRETE,18.1,NOT PAINTED
46,ACT007163_STR_1,ACT,B (Low),POLE STEEL,25.0,NOT PAINTED
47,ACT007232_STR_1,ACT,B (Low),POLE STEEL,5.0,NOT PAINTED
48,ACT008042_STR_1,ACT,B (Low),POLE STEEL,20.0,NOT PAINTED
49,ACT008292_STR_1,ACT,B (Low),POLE CONCRETE,35.0,
50,ACT008313_STR_2,ACT,B (Low),POLE CONCRETE,30.0,
51,ACT100691_STR_1,ACT,B (Low),POLE STEEL,20.0,
52,NSW000004_STR_1,NSW,,POLE CONCRETE,40.0,
53,NSW000006_STR_1,NSW,B (Low),MAST GUYED,150.0,AVIATION
54,NSW000007_STR_1,NSW,B (Low),MAST GUYED,80.0,AVIATION
55,NSW000008_STR_1,NSW,B (Low),POLE CONCRETE,20.0,NOT PAINTED
56,NSW000009_STR_1,NSW,B (Low),MAST FREE STANDING,13.3,NOT PAINTED
57,NSW000010_STR_1,NSW,B (Low),MAST FREE STANDING,9.0,NOT PAINTED
58,NSW000011_STR_1,NSW,B (Low),TRIAD STEEL,12.0,NOT PAINTED
59,NSW000012_STR_1,NSW,B (Low),TRIAD STEEL,15.0,NOT PAINTED
60,NSW000013_STR_1,NSW,B (Low),MAST FREE STANDING,15.0,NOT PAINTED
61,NSW000014_STR_1,NSW,B (Low),TRIAD STEEL,9.0,NOT PAINTED
62,NSW000015_STR_1,NSW,B (Low),MAST FREE STANDING,15.0,NOT PAINTED
63,NSW000016_STR_1,NSW,B (Low),TRIAD STEEL,12.0,NOT PAINTED
64,NSW000018_STR_1,NSW,B (Low),TRIAD STEEL,9.0,NOT PAINTED
65,NSW000019_STR_1,NSW,B (Low),TRIAD STEEL,12.0,NOT PAINTED
66,NSW000020_STR_1,NSW,B (Low),MAST GUYED,40.0,NOT PAINTED
67,NSW000021_STR_1,NSW,B (Low),TRIAD STEEL,9.0,NOT PAINTED
68,NSW000022_STR_1,NSW,B (Low),TRIAD STEEL,9.0,NOT PAINTED
69,NSW000023_STR_1,NSW,B (Low),TRIAD STEEL,9.0,NOT PAINTED
70,NSW000024_STR_1,NSW,B (Low),TRIAD STEEL,12.0,NOT PAINTED
71,NSW000025_STR_1,NSW,B (Low),MAST GUYED,30.0,NOT PAINTED
72,NSW000026_STR_1,NSW,B (Low),MAST FREE STANDING,20.0,NOT PAINTED
73,NSW000027_STR_1,NSW,B (Low),MAST FREE STANDING,20.0,NOT PAINTED
74,NSW000028_STR_1,NSW,B (Low),TRIAD STEEL,12.0,NOT PAINTED
75,NSW000029_STR_1,NSW,B (Low),TOWER STEEL,30.0,NOT PAINTED
76,NSW000030_STR_1,NSW,B (Low),TRIAD STEEL,9.0,NOT PAINTED
77,NSW000031_STR_1,NSW,B (Low),MAST GUYED,60.0,NOT PAINTED
78,NSW000032_STR_1,NSW,B (Low),TRIAD STEEL,12.0,NOT PAINTED
79,NSW000033_STR_1,NSW,B (Low),TRIAD STEEL,12.0,NOT PAINTED
80,NSW000034_STR_1,NSW,B (Low),TRIAD STEEL,9.0,NOT PAINTED
81,NSW000035_STR_1,NSW,B (Low),TOWER STEEL,30.0,NOT PAINTED
82,NSW000036_STR_1,NSW,B (Low),TRIAD STEEL,9.0,NOT PAINTED
83,NSW000037_STR_1,NSW,B (Low),TRIAD STEEL,9.0,NOT PAINTED
84,NSW000038_STR_1,NSW,B (Low),MAST GUYED,20.5,NOT PAINTED
85,NSW000039_STR_1,NSW,B (Low),TRIAD STEEL,9.0,NOT PAINTED
86,NSW000040_STR_1,NSW,B (Low),TRIAD STEEL,9.0,NOT PAINTED
87,NSW000041_STR_1,NSW,B (Low),POLE CONCRETE,30.0,NOT PAINTED
88,NSW000042_STR_1,NSW,B (Low),MAST GUYED,30.0,NOT PAINTED
89,NSW000043_STR_1,NSW,B (Low),TRIAD STEEL,15.0,NOT PAINTED
90,NSW000049_STR_1,NSW,C (Medium),POLE STEEL,30.0,NOT PAINTED
91,NSW000051_STR_1,NSW,B (Low),POLE STEEL,10.0,NOT PAINTED
92,NSW000052_STR_1,NSW,B (Low),POLE STEEL,4.8,ENVIRONMENT / AESTHETIC
93,NSW000054_STR_1,NSW,B (Low),MAST GUYED,100.0,AVIATION
94,NSW000055_STR_1,NSW,B (Low),MAST GUYED,100.0,AVIATION
95,NSW000055_STR_2,NSW,B (Low),BUILDING EXTERNAL,3.5,NOT PAINTED
96,NSW000068_STR_1,NSW,B (Low),TOWER STEEL,45.7,NOT PAINTED
97,NSW000811_STR_1,NSW,B (Low),TOWER STEEL,45.72,NOT PAINTED
98,NSW000878_STR_1,NSW,B (Low),TOWER STEEL,30.0,NOT PAINTED
99,NSW000879_STR_1,NSW,B (Low),TOWER STEEL,22.86,NOT PAINTED
100,NSW000882_STR_1,NSW,A (Very Low),TOWER STEEL,7.48,ENVIRONMENT / AESTHETIC
101,NSW000886_STR_1,NSW,C (Medium),POLE STEEL,30.0,NOT PAINTED
102,NSW000888_STR_2,NSW,C (Medium),BUILDING EXTERNAL,9.5,NOT PAINTED
103,NSW000911_STR_1,NSW,C (Medium),POLE CONCRETE,30.0,NOT PAINTED
104,NSW001697_STR_1,NSW,B (Low),TOWER STEEL,50.0,NOT PAINTED
105,NSW001725_STR_1,NSW,B (Low),POLE CONCRETE,25.0,NOT PAINTED
106,NSW001730_STR_1,NSW,B (Low),MAST GUYED,70.0,AVIATION
107,NSW001758_STR_1,NSW,B (Low),TRIAD STEEL,9.0,NOT PAINTED
108,NSW001759_STR_1,NSW,B (Low),TOWER STEEL,40.0,NOT PAINTED
109,NSW001760_STR_1,NSW,B (Low),TOWER STEEL,30.0,NOT PAINTED
110,NSW001761_STR_1,NSW,B (Low),TOWER STEEL,30.5,NOT PAINTED
111,NSW001762_STR_1,NSW,B (Low),MAST GUYED,30.5,NOT PAINTED
112,NSW001763_STR_1,NSW,C (Medium),POLE STEEL,30.0,ENVIRONMENT / AESTHETIC
113,NSW001764_STR_1,NSW,B (Low),MAST FREE STANDING,18.0,NOT PAINTED
114,NSW001765_STR_1,NSW,B (Low),MAST FREE STANDING,18.0,NOT PAINTED
115,NSW001766_STR_1,NSW,B (Low),TRIAD STEEL,12.0,NOT PAINTED
116,NSW001767_STR_1,NSW,B (Low),TRIAD STEEL,15.0,NOT PAINTED
117,NSW001768_STR_1,NSW,B (Low),MAST GUYED,20.5,NOT PAINTED
118,NSW001769_STR_1,NSW,B (Low),MAST FREE STANDING,15.5,NOT PAINTED
119,NSW001788_STR_1,NSW,B (Low),MAST GUYED,80.0,NOT PAINTED
120,NSW001791_STR_1,NSW,B (Low),MAST GUYED,100.0,NOT PAINTED
121,NSW001793_STR_1,NSW,B (Low),POLE CONCRETE,14.5,NOT PAINTED
122,NSW001806_STR_1,NSW,B (Low),TOWER STEEL,15.3,NOT PAINTED
123,NSW001807_STR_1,NSW,E (Very High),POLE STEEL,15.0,NOT PAINTED
124,NSW001813_STR_1,NSW,B (Low),POLE CONCRETE,21.0,ENVIRONMENT / AESTHETIC
125,NSW001814_STR_1,NSW,B (Low),POLE CONCRETE,20.6,NOT PAINTED
126,NSW001819_STR_1,NSW,B (Low),POLE CONCRETE,20.0,NOT PAINTED
127,NSW001820_STR_1,NSW,B (Low),POLE CONCRETE,21.0,NOT PAINTED
128,NSW001821_STR_1,NSW,B (Low),POLE CONCRETE,20.0,NOT PAINTED
129,NSW001822_STR_1,NSW,B (Low),POLE CONCRETE,20.0,NOT PAINTED
130,NSW001823_STR_1,NSW,B (Low),POLE CONCRETE,20.0,NOT PAINTED
131,NSW001824_STR_1,NSW,B (Low),TOWER STEEL,30.0,NOT PAINTED
132,NSW001825_STR_1,NSW,C (Medium),POLE TIMBER,10.0,NOT PAINTED
133,NSW001830_STR_1,NSW,B (Low),TRIAD STEEL,9.0,NOT PAINTED
134,NSW001830_STR_2,NSW,,POLE CONCRETE,40.0,
135,NSW001834_STR_1,NSW,B (Low),TOWER STEEL,38.1,NOT PAINTED
136,NSW001838_STR_1,NSW,B (Low),TRIAD STEEL,9.0,NOT PAINTED
137,NSW001839_STR_1,NSW,B (Low),MAST GUYED,79.2,AVIATION
138,NSW001840_STR_1,NSW,C (Medium),POLE STEEL,30.0,NOT PAINTED
139,NSW001841_STR_1,NSW,B (Low),TOWER STEEL,30.0,NOT PAINTED
140,NSW001843_STR_1,NSW,B (Low),TOWER STEEL,60.0,NOT PAINTED
141,NSW001850_STR_1,NSW,B (Low),POLE TIMBER,15.0,NOT PAINTED
142,NSW001857_STR_1,NSW,B (Low),POLE CONCRETE,20.0,NOT PAINTED
143,NSW001858_STR_1,NSW,B (Low),TOWER STEEL,25.0,NOT PAINTED
144,NSW001859_STR_1,NSW,B (Low),TOWER STEEL,30.0,NOT PAINTED
145,NSW001860_STR_1,NSW,B (Low),TOWER STEEL,30.0,NOT PAINTED
146,NSW001861_STR_1,NSW,B (Low),POLE TIMBER,10.0,NOT PAINTED
147,NSW001862_STR_1,NSW,B (Low),TOWER STEEL,20.0,NOT PAINTED
148,NSW001863_STR_1,NSW,B (Low),POLE CONCRETE,20.0,NOT PAINTED
149,NSW001864_STR_1,NSW,B (Low),POLE TIMBER,8.0,NOT PAINTED
150,NSW001864_STR_2,NSW,B (Low),POLE CONCRETE,12.0,NOT PAINTED
151,NSW001865_STR_1,NSW,C (Medium),POLE TIMBER,10.0,NOT PAINTED
152,NSW001866_STR_1,NSW,B (Low),TOWER STEEL,30.0,NOT PAINTED
153,NSW001867_STR_1,NSW,B (Low),POLE CONCRETE,40.0,NOT PAINTED
154,NSW001873_STR_1,NSW,B (Low),BUILDING EXTERNAL,11.3,NOT PAINTED
155,NSW001873_STR_2,NSW,B (Low),TOWER STEEL,22.7,NOT PAINTED
156,NSW001874_STR_1,NSW,B (Low),MAST FREE STANDING,15.0,NOT PAINTED
157,NSW001875_STR_1,NSW,B (Low),TOWER STEEL,30.0,ENVIRONMENT / AESTHETIC
158,NSW001875_STR_2,NSW,B (Low),TOWER STEEL,30.0,ENVIRONMENT / AESTHETIC
159,NSW001876_STR_1,NSW,B (Low),POLE CONCRETE,12.5,NOT PAINTED
160,NSW001877_STR_1,NSW,B (Low),TOWER STEEL,22.86,ENVIRONMENT / AESTHETIC
161,NSW001878_STR_1,NSW,C (Medium),POLE TIMBER,10.0,NOT PAINTED
162,NSW001879_STR_1,NSW,B (Low),MAST FREE STANDING,18.0,NOT PAINTED
163,NSW001880_STR_1,NSW,B (Low),MAST FREE STANDING,18.0,NOT PAINTED
164,NSW001881_STR_1,NSW,B (Low),POLE CONCRETE,15.0,NOT PAINTED
165,NSW001882_STR_1,NSW,B (Low),MAST FREE STANDING,21.94,NOT PAINTED
166,NSW001883_STR_1,NSW,B (Low),MAST FREE STANDING,10.0,NOT PAINTED
167,NSW001884_STR_1,NSW,B (Low),MAST GUYED,15.0,NOT PAINTED
168,NSW001885_STR_1,NSW,B (Low),POLE STEEL,6.0,NOT PAINTED
169,NSW001886_STR_1,NSW,B (Low),TOWER STEEL,20.0,NOT PAINTED
170,NSW001887_STR_1,NSW,C (Medium),POLE STEEL,18.0,NOT PAINTED
171,NSW001888_STR_1,NSW,B (Low),MAST FREE STANDING,10.0,NOT PAINTED
172,NSW001889_STR_1,NSW,B (Low),TOWER STEEL,30.0,NOT PAINTED
173,NSW001890_STR_1,NSW,B (Low),TOWER STEEL,30.0,NOT PAINTED
174,NSW001891_STR_1,NSW,B (Low),TOWER STEEL,20.0,NOT PAINTED
175,NSW001892_STR_1,NSW,B (Low),TOWER STEEL,20.0,NOT PAINTED
176,NSW001893_STR_1,NSW,B (Low),MAST GUYED,100.0,AVIATION
177,NSW001894_STR_1,NSW,B (Low),POLE STEEL,5.0,NOT PAINTED
178,NSW001898_STR_1,NSW,C (Medium),TOWER STEEL,54.0,NOT PAINTED
179,NSW001899_STR_1,NSW,B (Low),TOWER STEEL,20.0,NOT PAINTED
180,NSW001900_STR_1,NSW,C (Medium),POLE CONCRETE,40.0,NOT PAINTED
181,NSW001908_STR_1,NSW,B (Low),POLE CONCRETE,30.0,NOT PAINTED
182,NSW001909_STR_1,NSW,B (Low),TOWER STEEL,53.0,NOT PAINTED
183,NSW001911_STR_1,NSW,B (Low),POLE TIMBER,20.0,NOT PAINTED
184,NSW001913_STR_1,NSW,B (Low),TOWER STEEL,30.48,NOT PAINTED
185,NSW001914_STR_1,NSW,B (Low),MAST GUYED,100.0,NOT PAINTED
186,NSW001920_STR_1,NSW,B (Low),POLE CONCRETE,30.0,NOT PAINTED
187,NSW001925_STR_1,NSW,B (Low),POLE CONCRETE,30.0,NOT PAINTED
188,NSW001926_STR_1,NSW,C (Medium),POLE STEEL,25.0,ENVIRONMENT / AESTHETIC
189,NSW001930_STR_1,NSW,B (Low),POLE CONCRETE,20.0,NOT PAINTED
190,NSW001932_STR_1,NSW,B (Low),TRIAD STEEL,9.0,NOT PAINTED
191,NSW001939_STR_1,NSW,B (Low),TRIAD STEEL,9.0,NOT PAINTED
192,NSW001940_STR_1,NSW,B (Low),MAST FREE STANDING,22.2,NOT PAINTED
193,NSW001942_STR_1,NSW,C (Medium),POLE STEEL,18.16,NOT PAINTED
194,NSW001943_STR_1,NSW,B (Low),POLE CONCRETE,30.0,NOT PAINTED
195,NSW001946_STR_1,NSW,C (Medium),TOWER STEEL,52.88,NOT PAINTED
196,NSW001948_STR_1,NSW,B (Low),POLE STEEL,30.0,NOT PAINTED
197,NSW001956_STR_1,NSW,B (Low),POLE CONCRETE,20.0,NOT PAINTED
198,NSW001965_STR_1,NSW,C (Medium),POLE CONCRETE,25.0,NOT PAINTED
199,NSW001968_STR_1,NSW,B (Low),TOWER STEEL,16.7,NOT PAINTED
200,NSW001970_STR_1,NSW,B (Low),POLE CONCRETE,20.0,NOT PAINTED
201,NSW001971_STR_1,NSW,B (Low),MAST GUYED,60.0,NOT PAINTED
202,NSW001972_STR_1,NSW,B (Low),POLE STEEL,30.0,NOT PAINTED
203,NSW001973_STR_1,NSW,C (Medium),POLE STEEL,30.0,NOT PAINTED
204,NSW001974_STR_1,NSW,B (Low),TOWER STEEL,50.0,NOT PAINTED
205,NSW001975_STR_1,NSW,B (Low),POLE CONCRETE,25.0,NOT PAINTED
206,NSW001976_STR_1,NSW,B (Low),POLE STEEL,20.0,NOT PAINTED
207,NSW001979_STR_1,NSW,B (Low),POLE STEEL,20.0,NOT PAINTED
208,NSW001983_STR_1,NSW,B (Low),POLE CONCRETE,20.0,NOT PAINTED
209,NSW001989_STR_1,NSW,B (Low),TOWER STEEL,30.0,NOT PAINTED
210,NSW001990_STR_1,NSW,C (Medium),BUILDING EXTERNAL,18.0,ENVIRONMENT / AESTHETIC
211,NSW001995_STR_1,NSW,B (Low),POLE CONCRETE,20.0,NOT PAINTED
212,NSW002000_STR_1,NSW,B (Low),MAST GUYED,16.5,NOT PAINTED
213,NSW002012_STR_1,NSW,C (Medium),POLE CONCRETE,30.0,NOT PAINTED
214,NSW002017_STR_1,NSW,C (Medium),POLE STEEL,20.0,ENVIRONMENT / AESTHETIC
215,NSW002028_STR_1,NSW,B (Low),TRIAD STEEL,12.0,NOT PAINTED
216,NSW002031_STR_1,NSW,C (Medium),POLE STEEL,36.4,NOT PAINTED
217,NSW002033_STR_1,NSW,C (Medium),POLE STEEL,20.0,NOT PAINTED
218,NSW002034_STR_1,NSW,B (Low),POLE CONCRETE,12.0,ENVIRONMENT / AESTHETIC
219,NSW002035_STR_1,NSW,C (Medium),POLE CONCRETE,30.0,ENVIRONMENT / AESTHETIC
220,NSW002036_STR_1,NSW,B (Low),POLE CONCRETE,20.0,NOT PAINTED
221,NSW002037_STR_1,NSW,C (Medium),POLE CONCRETE,40.0,NOT PAINTED
222,NSW002038_STR_1,NSW,E (Very High),POLE CONCRETE,22.8,NOT PAINTED
223,NSW002039_STR_1,NSW,B (Low),POLE CONCRETE,20.0,NOT PAINTED
224,NSW002040_STR_1,NSW,B (Low),POLE STEEL,30.0,NOT PAINTED
225,NSW002041_STR_1,NSW,E (Very High),POLE CONCRETE,20.0,NOT PAINTED
226,NSW002050_STR_1,NSW,C (Medium),POLE CONCRETE,20.0,NOT PAINTED
227,NSW002051_STR_1,NSW,C (Medium),POLE CONCRETE,26.0,NOT PAINTED
228,NSW002052_STR_1,NSW,B (Low),POLE STEEL,30.0,NOT PAINTED
229,NSW002053_STR_1,NSW,C (Medium),TOWER STEEL,40.0,NOT PAINTED
230,NSW002054_STR_1,NSW,C (Medium),POLE CONCRETE,30.0,NOT PAINTED
231,NSW002061_STR_1,NSW,C (Medium),TOWER STEEL,45.0,NOT PAINTED
232,NSW002063_STR_1,NSW,E (Very High),POLE CONCRETE,35.0,ENVIRONMENT / AESTHETIC
233,NSW002064_STR_1,NSW,C (Medium),TOWER STEEL,45.0,NOT PAINTED
234,NSW002065_STR_1,NSW,B (Low),TOWER STEEL,60.0,NOT PAINTED
235,NSW002068_STR_1,NSW,B (Low),POLE CONCRETE,30.0,NOT PAINTED
236,NSW002069_STR_1,NSW,B (Low),TOWER STEEL,50.0,NOT PAINTED
237,NSW002070_STR_1,NSW,B (Low),POLE CONCRETE,26.0,NOT PAINTED
238,NSW002083_STR_1,NSW,C (Medium),POLE STEEL,21.0,NOT PAINTED
239,NSW002089_STR_1,NSW,C (Medium),MAST FREE STANDING,15.0,NOT PAINTED
240,NSW002090_STR_1,NSW,C (Medium),MAST FREE STANDING,15.0,NOT PAINTED
241,NSW002091_STR_1,NSW,B (Low),POLE CONCRETE,35.0,NOT PAINTED
242,NSW002094_STR_1,NSW,B (Low),POLE CONCRETE,20.0,NOT PAINTED
243,NSW002102_STR_1,NSW,B (Low),POLE CONCRETE,20.0,NOT PAINTED
244,NSW002107_STR_1,NSW,E (Very High),BUILDING EXTERNAL,19.0,ENVIRONMENT / AESTHETIC
245,NSW002111_STR_1,NSW,B (Low),TRIAD STEEL,12.0,NOT PAINTED
246,NSW002112_STR_1,NSW,B (Low),TRIAD STEEL,12.0,NOT PAINTED
247,NSW002113_STR_1,NSW,B (Low),POLE CONCRETE,30.0,NOT PAINTED
248,NSW002113_STR_2,NSW,B (Low),POLE TIMBER,10.0,NOT PAINTED
249,NSW002114_STR_1,NSW,B (Low),TRIAD STEEL,12.0,NOT PAINTED
250,NSW002115_STR_1,NSW,B (Low),TRIAD STEEL,9.0,NOT PAINTED
251,NSW002116_STR_1,NSW,B (Low),MAST GUYED,102.0,NOT PAINTED
252,NSW002117_STR_1,NSW,B (Low),POLE CONCRETE,25.0,NOT PAINTED
253,NSW002118_STR_1,NSW,B (Low),POLE CONCRETE,20.0,NOT PAINTED
254,NSW002122_STR_1,NSW,B (Low),MAST FREE STANDING,15.0,NOT PAINTED
255,NSW002123_STR_1,NSW,B (Low),TRIAD STEEL,12.0,NOT PAINTED
256,NSW002124_STR_1,NSW,B (Low),MAST GUYED,30.5,NOT PAINTED
257,NSW002125_STR_1,NSW,B (Low),TRIAD STEEL,12.0,NOT PAINTED
258,NSW002126_STR_1,NSW,B (Low),MAST GUYED,16.5,NOT PAINTED
259,NSW002130_STR_1,NSW,C (Medium),POLE STEEL,30.0,NOT PAINTED
260,NSW002137_STR_1,NSW,B (Low),TRIAD STEEL,9.0,NOT PAINTED
261,NSW002155_STR_1,NSW,A (Very Low),POLE CONCRETE,30.0,NOT PAINTED
262,NSW002182_STR_1,NSW,B (Low),MAST GUYED,70.0,AVIATION
263,NSW002184_STR_1,NSW,B (Low),MAST GUYED,102.0,AVIATION
264,NSW002185_STR_1,NSW,C (Medium),POLE CONCRETE,20.0,NOT PAINTED
265,NSW002186_STR_1,NSW,B (Low),POLE CONCRETE,26.0,NOT PAINTED
266,NSW002196_STR_1,NSW,B (Low),TRIAD STEEL,12.0,NOT PAINTED
267,NSW002203_STR_1,NSW,B (Low),MAST FREE STANDING,19.0,NOT PAINTED
268,NSW002203_STR_2,NSW,B (Low),POLE TIMBER,12.0,NOT PAINTED
269,NSW002206_STR_1,NSW,B (Low),POLE CONCRETE,15.0,ENVIRONMENT / AESTHETIC
270,NSW002210_STR_1,NSW,B (Low),TRIAD STEEL,9.0,NOT PAINTED
271,NSW002213_STR_1,NSW,B (Low),TRIAD STEEL,9.0,NOT PAINTED
272,NSW002214_STR_1,NSW,B (Low),POLE TIMBER,9.0,
273,NSW002217_STR_1,NSW,B (Low),POLE CONCRETE,21.0,NOT PAINTED
274,NSW002218_STR_1,NSW,B (Low),TRIAD STEEL,9.0,NOT PAINTED
275,NSW002219_STR_1,NSW,B (Low),TRIAD STEEL,9.0,NOT PAINTED
276,NSW002220_STR_1,NSW,E (Very High),POLE CONCRETE,30.0,NOT PAINTED
277,NSW002222_STR_1,NSW,B (Low),TRIAD STEEL,9.0,NOT PAINTED
278,NSW002223_STR_1,NSW,B (Low),TRIAD STEEL,9.0,NOT PAINTED
279,NSW002224_STR_1,NSW,B (Low),TRIAD STEEL,9.0,NOT PAINTED
280,NSW002226_STR_1,NSW,B (Low),TRIAD STEEL,12.0,NOT PAINTED
281,NSW002228_STR_1,NSW,C (Medium),POLE CONCRETE,40.0,NOT PAINTED
282,NSW002229_STR_1,NSW,C (Medium),BUILDING EXTERNAL,34.5,ENVIRONMENT / AESTHETIC
283,NSW002240_STR_1,NSW,C (Medium),POLE CONCRETE,30.0,NOT PAINTED
284,NSW002250_STR_1,NSW,C (Medium),POLE CONCRETE,30.0,NOT PAINTED
285,NSW002262_STR_1,NSW,B (Low),POLE STEEL,25.0,PROTECTION
286,NSW002273_STR_1,NSW,C (Medium),POLE CONCRETE,30.0,ENVIRONMENT / AESTHETIC
287,NSW002275_STR_1,NSW,B (Low),TRIAD STEEL,15.0,NOT PAINTED
288,NSW002276_STR_1,NSW,B (Low),POLE CONCRETE,30.0,ENVIRONMENT / AESTHETIC
289,NSW002277_STR_1,NSW,C (Medium),POLE CONCRETE,30.0,ENVIRONMENT / AESTHETIC
290,NSW002281_STR_1,NSW,B (Low),MAST FREE STANDING,16.5,NOT PAINTED
291,NSW002281_STR_2,NSW,B (Low),POLE CONCRETE,30.0,NOT PAINTED
292,NSW002286_STR_1,NSW,C (Medium),POLE CONCRETE,21.0,NOT PAINTED
293,NSW002288_STR_1,NSW,C (Medium),POLE STEEL,30.0,NOT PAINTED
294,NSW002289_STR_1,NSW,C (Medium),POLE STEEL,35.0,NOT PAINTED
295,NSW002290_STR_1,NSW,C (Medium),POLE CONCRETE,30.0,ENVIRONMENT / AESTHETIC
296,NSW002293_STR_1,NSW,B (Low),POLE TIMBER,10.0,NOT PAINTED
297,NSW002293_STR_2,NSW,B (Low),POLE CONCRETE,15.0,NOT PAINTED
298,NSW002294_STR_1,NSW,C (Medium),POLE CONCRETE,25.0,NOT PAINTED
299,NSW002295_STR_1,NSW,C (Medium),POLE STEEL,20.0,NOT PAINTED
300,NSW002301_STR_1,NSW,C (Medium),POLE STEEL,30.0,ENVIRONMENT / AESTHETIC
301,NSW002302_STR_1,NSW,C (Medium),POLE STEEL,40.0,NOT PAINTED
302,NSW002303_STR_1,NSW,,POLE CONCRETE,40.0,
303,NSW002309_STR_1,NSW,B (Low),POLE CONCRETE,20.0,NOT PAINTED
304,NSW002313_STR_1,NSW,C (Medium),POLE CONCRETE,30.0,NOT PAINTED
305,NSW002317_STR_1,NSW,C (Medium),POLE CONCRETE,25.0,NOT PAINTED
306,NSW002319_STR_1,NSW,B (Low),MAST GUYED,81.0,PROTECTION
307,NSW002320_STR_1,NSW,C (Medium),POLE STEEL,25.0,ENVIRONMENT / AESTHETIC
308,NSW002322_STR_1,NSW,B (Low),TRIAD STEEL,9.0,NOT PAINTED
309,NSW002323_STR_1,NSW,C (Medium),POLE CONCRETE,30.0,NOT PAINTED
310,NSW002324_STR_1,NSW,C (Medium),POLE CONCRETE,30.0,NOT PAINTED
311,NSW002326_STR_1,NSW,B (Low),POLE CONCRETE,20.0,NOT PAINTED
312,NSW002329_STR_1,NSW,B (Low),POLE STEEL,20.0,NOT PAINTED
313,NSW002332_STR_1,NSW,C (Medium),POLE STEEL,30.0,NOT PAINTED
314,NSW002333_STR_1,NSW,C (Medium),POLE CONCRETE,30.0,NOT PAINTED
315,NSW002334_STR_1,NSW,C (Medium),POLE STEEL,40.0,NOT PAINTED
316,NSW002336_STR_1,NSW,C (Medium),POLE CONCRETE,25.0,NOT PAINTED
317,NSW002340_STR_1,NSW,B (Low),POLE STEEL,30.0,NOT PAINTED
318,NSW002345_STR_1,NSW,C (Medium),POLE STEEL,25.0,NOT PAINTED
319,NSW002349_STR_1,NSW,C (Medium),POLE STEEL,30.0,ENVIRONMENT / AESTHETIC
320,NSW002350_STR_1,NSW,B (Low),MAST GUYED,16.5,NOT PAINTED
321,NSW002351_STR_1,NSW,B (Low),POLE CONCRETE,25.0,NOT PAINTED
322,NSW002353_STR_1,NSW,B (Low),TRIAD STEEL,9.0,NOT PAINTED
323,NSW002355_STR_1,NSW,B (Low),TRIAD STEEL,12.0,
324,NSW002356_STR_1,NSW,B (Low),POLE CONCRETE,26.0,NOT PAINTED
325,NSW002367_STR_1,NSW,E (Very High),POLE STEEL,30.0,NOT PAINTED
326,NSW002371_STR_1,NSW,C (Medium),POLE CONCRETE,30.0,NOT PAINTED
327,NSW002374_STR_1,NSW,B (Low),POLE TIMBER,20.0,NOT PAINTED
328,NSW002375_STR_1,NSW,B (Low),POLE CONCRETE,26.0,NOT PAINTED
329,NSW002383_STR_1,NSW,C (Medium),POLE CONCRETE,30.0,NOT PAINTED
330,NSW002386_STR_1,NSW,C (Medium),POLE STEEL,30.0,ENVIRONMENT / AESTHETIC
331,NSW002392_STR_1,NSW,C (Medium),POLE CONCRETE,30.0,NOT PAINTED
332,NSW002395_STR_1,NSW,C (Medium),POLE CONCRETE,26.0,NOT PAINTED
333,NSW002410_STR_1,NSW,C (Medium),POLE STEEL,25.0,NOT PAINTED
334,NSW002415_STR_1,NSW,C (Medium),POLE STEEL,13.8,NOT PAINTED
335,NSW002419_STR_1,NSW,C (Medium),POLE CONCRETE,25.0,ENVIRONMENT / AESTHETIC
336,NSW002420_STR_1,NSW,B (Low),MAST GUYED,30.0,NOT PAINTED
337,NSW002422_STR_1,NSW,C (Medium),POLE CONCRETE,30.0,NOT PAINTED
338,NSW002427_STR_1,NSW,C (Medium),POLE CONCRETE,35.0,ENVIRONMENT / AESTHETIC
339,NSW002434_STR_1,NSW,B (Low),POLE CONCRETE,20.0,NOT PAINTED
340,NSW002438_STR_1,NSW,C (Medium),POLE CONCRETE,30.0,NOT PAINTED
341,NSW002442_STR_1,NSW,B (Low),POLE CONCRETE,30.0,NOT PAINTED
342,NSW002443_STR_1,NSW,C (Medium),POLE CONCRETE,30.0,ENVIRONMENT / AESTHETIC
343,NSW002446_STR_1,NSW,B (Low),TRIAD STEEL,9.0,NOT PAINTED
344,NSW002447_STR_1,NSW,B (Low),MAST GUYED,30.5,NOT PAINTED
345,NSW002448_STR_1,NSW,C (Medium),POLE CONCRETE,25.0,ENVIRONMENT / AESTHETIC
346,NSW002451_STR_1,NSW,C (Medium),POLE STEEL,25.0,NOT PAINTED
347,NSW002454_STR_1,NSW,C (Medium),POLE STEEL,13.8,NOT PAINTED
348,NSW002457_STR_1,NSW,B (Low),TRIAD STEEL,12.0,NOT PAINTED
349,NSW002464_STR_1,NSW,B (Low),POLE CONCRETE,30.0,NOT PAINTED
350,NSW002465_STR_1,NSW,C (Medium),POLE STEEL,35.0,NOT PAINTED
351,NSW002466_STR_1,NSW,E (Very High),POLE STEEL,30.0,NOT PAINTED
352,NSW002467_STR_1,NSW,E (Very High),POLE CONCRETE,30.0,NOT PAINTED
353,NSW002468_STR_1,NSW,C (Medium),POLE STEEL,25.0,NOT PAINTED
354,NSW002469_STR_1,NSW,C (Medium),POLE STEEL,19.0,NOT PAINTED
355,NSW002469_STR_2,NSW,C (Medium),POLE STEEL,19.0,NOT PAINTED
356,NSW002470_STR_1,NSW,C (Medium),POLE STEEL,19.1,ENVIRONMENT / AESTHETIC
357,NSW002471_STR_1,NSW,B (Low),TRIAD STEEL,9.0,NOT PAINTED
358,NSW002474_STR_1,NSW,E (Very High),POLE STEEL,35.0,NOT PAINTED
359,NSW002479_STR_1,NSW,C (Medium),POLE STEEL,15.0,NOT PAINTED
360,NSW002480_STR_1,NSW,C (Medium),POLE STEEL,23.0,NOT PAINTED
361,NSW002483_STR_1,NSW,B (Low),TRIAD STEEL,12.0,NOT PAINTED
362,NSW002486_STR_1,NSW,B (Low),TOWER STEEL,40.0,NOT PAINTED
363,NSW002487_STR_1,NSW,B (Low),POLE CONCRETE,15.0,NOT PAINTED
364,NSW002490_STR_1,NSW,B (Low),POLE STEEL,30.0,NOT PAINTED
365,NSW002491_STR_1,NSW,B (Low),POLE STEEL,30.0,NOT PAINTED
366,NSW002493_STR_1,NSW,C (Medium),TOWER STEEL,50.0,NOT PAINTED
367,NSW002493_STR_2,NSW,C (Medium),TOWER STEEL,50.0,NOT PAINTED
368,NSW002494_STR_1,NSW,C (Medium),POLE STEEL,35.0,ENVIRONMENT / AESTHETIC
369,NSW002497_STR_1,NSW,B (Low),POLE CONCRETE,26.0,NOT PAINTED
370,NSW002503_STR_1,NSW,E (Very High),POLE CONCRETE,40.0,ENVIRONMENT / AESTHETIC
371,NSW002508_STR_1,NSW,C (Medium),POLE CONCRETE,40.0,
372,NSW002510_STR_1,NSW,C (Medium),POLE TIMBER,15.98,NOT PAINTED
373,NSW002511_STR_1,NSW,C (Medium),POLE STEEL,30.0,NOT PAINTED
374,NSW002518_STR_1,NSW,C (Medium),POLE CONCRETE,30.0,NOT PAINTED
375,NSW002520_STR_1,NSW,C (Medium),POLE CONCRETE,25.0,NOT PAINTED
376,NSW002526_STR_1,NSW,B (Low),POLE STEEL,28.8,NOT PAINTED
377,NSW002527_STR_1,NSW,C (Medium),POLE STEEL,25.0,NOT PAINTED
378,NSW002528_STR_1,NSW,E (Very High),POLE STEEL,20.0,NOT PAINTED
379,NSW002529_STR_1,NSW,C (Medium),POLE CONCRETE,25.0,ENVIRONMENT / AESTHETIC
380,NSW002537_STR_1,NSW,C (Medium),POLE STEEL,30.0,NOT PAINTED
381,NSW002538_STR_1,NSW,B (Low),POLE STEEL,30.0,ENVIRONMENT / AESTHETIC
382,NSW002539_STR_1,NSW,B (Low),POLE STEEL,30.0,ENVIRONMENT / AESTHETIC
383,NSW002540_STR_1,NSW,C (Medium),POLE STEEL,33.8,NOT PAINTED
384,NSW002541_STR_1,NSW,C (Medium),POLE STEEL,40.0,ENVIRONMENT / AESTHETIC
385,NSW002542_STR_1,NSW,C (Medium),POLE CONCRETE,30.0,NOT PAINTED
386,NSW002549_STR_1,NSW,B (Low),POLE STEEL,30.44,NOT PAINTED
387,NSW002552_STR_1,NSW,C (Medium),POLE STEEL,25.0,NOT PAINTED
388,NSW002553_STR_1,NSW,C (Medium),POLE CONCRETE,35.0,NOT PAINTED
389,NSW002575_STR_1,NSW,C (Medium),POLE STEEL,40.0,NOT PAINTED
390,NSW002585_STR_1,NSW,C (Medium),POLE STEEL,30.0,ENVIRONMENT / AESTHETIC
391,NSW002590_STR_1,NSW,C (Medium),POLE CONCRETE,30.0,ENVIRONMENT / AESTHETIC
392,NSW002593_STR_1,NSW,C (Medium),POLE STEEL,30.0,NOT PAINTED
393,NSW002594_STR_1,NSW,C (Medium),POLE CONCRETE,40.0,ENVIRONMENT / AESTHETIC
394,NSW002603_STR_1,NSW,C (Medium),POLE CONCRETE,33.0,NOT PAINTED
395,NSW002604_STR_1,NSW,C (Medium),POLE STEEL,20.0,NOT PAINTED
396,NSW002605_STR_1,NSW,E (Very High),POLE STEEL,23.8,ENVIRONMENT / AESTHETIC
397,NSW002607_STR_1,NSW,C (Medium),POLE CONCRETE,25.0,NOT PAINTED
398,NSW002611_STR_1,NSW,A (Very Low),POLE CONCRETE,25.0,
399,NSW002612_STR_1,NSW,B (Low),POLE CONCRETE,25.0,NOT PAINTED
400,NSW002613_STR_1,NSW,B (Low),POLE CONCRETE,35.0,ENVIRONMENT / AESTHETIC
401,NSW002614_STR_1,NSW,B (Low),POLE STEEL,30.0,
402,NSW002616_STR_1,NSW,C (Medium),POLE STEEL,20.0,NOT PAINTED
403,NSW002620_STR_1,NSW,C (Medium),TRIAD STEEL,12.0,NOT PAINTED
404,NSW002620_STR_2,NSW,C (Medium),TRIAD STEEL,15.0,NOT PAINTED
405,NSW002623_STR_1,NSW,B (Low),POLE STEEL,30.0,NOT PAINTED
406,NSW002624_STR_1,NSW,B (Low),MAST FREE STANDING,21.0,NOT PAINTED
407,NSW002626_STR_1,NSW,B (Low),TRIAD STEEL,9.0,NOT PAINTED
408,NSW002627_STR_1,NSW,B (Low),TRIAD STEEL,9.0,NOT PAINTED
409,NSW002628_STR_1,NSW,B (Low),TRIAD STEEL,9.0,NOT PAINTED
410,NSW002630_STR_1,NSW,C (Medium),POLE STEEL,31.38,ENVIRONMENT / AESTHETIC
411,NSW002631_STR_1,NSW,E (Very High),POLE STEEL,25.0,ENVIRONMENT / AESTHETIC
412,NSW002632_STR_1,NSW,C (Medium),POLE STEEL,20.0,NOT PAINTED
413,NSW002634_STR_1,NSW,C (Medium),POLE CONCRETE,20.0,NOT PAINTED
414,NSW002635_STR_1,NSW,C (Medium),POLE CONCRETE,20.0,NOT PAINTED
415,NSW002636_STR_1,NSW,C (Medium),POLE CONCRETE,30.0,ENVIRONMENT / AESTHETIC
416,NSW002637_STR_1,NSW,C (Medium),POLE STEEL,25.0,NOT PAINTED
417,NSW002639_STR_1,NSW,B (Low),TRIAD STEEL,12.0,NOT PAINTED
418,NSW002640_STR_1,NSW,C (Medium),POLE CONCRETE,30.0,ENVIRONMENT / AESTHETIC
419,NSW002641_STR_1,NSW,C (Medium),POLE CONCRETE,30.0,NOT PAINTED
420,NSW002642_STR_1,NSW,B (Low),TRIAD STEEL,9.0,NOT PAINTED
421,NSW002643_STR_1,NSW,B (Low),TRIAD STEEL,9.0,NOT PAINTED
422,NSW002644_STR_1,NSW,B (Low),MAST GUYED,16.5,NOT PAINTED
423,NSW002654_STR_1,NSW,B (Low),TRIAD STEEL,12.0,NOT PAINTED
424,NSW002655_STR_1,NSW,B (Low),TRIAD STEEL,9.0,NOT PAINTED
425,NSW002657_STR_1,NSW,C (Medium),POLE CONCRETE,25.0,NOT PAINTED
426,NSW002659_STR_1,NSW,C (Medium),POLE STEEL,19.5,NOT PAINTED
427,NSW002660_STR_1,NSW,C (Medium),POLE CONCRETE,34.77,NOT PAINTED
428,NSW002661_STR_1,NSW,C (Medium),POLE STEEL,20.0,ENVIRONMENT / AESTHETIC
429,NSW002662_STR_1,NSW,E (Very High),POLE CONCRETE,35.0,NOT PAINTED
430,NSW002663_STR_1,NSW,B (Low),MAST GUYED,20.5,NOT PAINTED
431,NSW002664_STR_1,NSW,B (Low),TRIAD STEEL,12.0,
432,NSW002665_STR_1,NSW,B (Low),TRIAD STEEL,12.0,NOT PAINTED
433,NSW002666_STR_1,NSW,B (Low),TRIAD STEEL,9.0,
434,NSW002667_STR_1,NSW,B (Low),MAST GUYED,20.5,NOT PAINTED
435,NSW002668_STR_1,NSW,B (Low),MAST GUYED,20.5,NOT PAINTED
436,NSW002672_STR_1,NSW,B (Low),POLE STEEL,18.8,ENVIRONMENT / AESTHETIC
437,NSW002674_STR_1,NSW,B (Low),POLE STEEL,30.0,NOT PAINTED
438,NSW002677_STR_1,NSW,B (Low),TRIAD STEEL,9.0,NOT PAINTED
439,NSW002678_STR_1,NSW,C (Medium),POLE STEEL,20.0,ENVIRONMENT / AESTHETIC
440,NSW002685_STR_1,NSW,C (Medium),POLE CONCRETE,25.0,NOT PAINTED
441,NSW002690_STR_1,NSW,B (Low),POLE STEEL,35.0,NOT PAINTED
442,NSW002691_STR_1,NSW,C (Medium),POLE STEEL,28.8,ENVIRONMENT / AESTHETIC
443,NSW002704_STR_1,NSW,C (Medium),BUILDING EXTERNAL,7.64,ENVIRONMENT / AESTHETIC
444,NSW002704_STR_2,NSW,C (Medium),POLE CONCRETE,20.0,NOT PAINTED
445,NSW002706_STR_1,NSW,E (Very High),POLE CONCRETE,30.0,NOT PAINTED
446,NSW002707_STR_1,NSW,C (Medium),POLE STEEL,40.0,NOT PAINTED
447,NSW002709_STR_1,NSW,B (Low),POLE STEEL,25.0,NOT PAINTED
448,NSW002710_STR_1,NSW,B (Low),POLE STEEL,30.0,NOT PAINTED
449,NSW002711_STR_1,NSW,B (Low),POLE STEEL,25.0,NOT PAINTED
450,NSW002712_STR_1,NSW,B (Low),TOWER STEEL,30.0,NOT PAINTED
451,NSW002713_STR_1,NSW,B (Low),POLE STEEL,25.0,NOT PAINTED
452,NSW002714_STR_1,NSW,C (Medium),POLE STEEL,11.4,ENVIRONMENT / AESTHETIC
453,NSW002714_STR_2,NSW,C (Medium),POLE CONCRETE,30.0,NOT PAINTED
454,NSW002715_STR_1,NSW,B (Low),POLE STEEL,24.5,NOT PAINTED
455,NSW002716_STR_1,NSW,C (Medium),TOWER STEEL,40.0,NOT PAINTED
456,NSW002717_STR_1,NSW,C (Medium),POLE STEEL,30.0,NOT PAINTED
457,NSW002721_STR_1,NSW,B (Low),POLE STEEL,20.0,NOT PAINTED
458,NSW002723_STR_1,NSW,B (Low),POLE CONCRETE,30.0,NOT PAINTED
459,NSW002724_STR_1,NSW,B (Low),POLE CONCRETE,30.0,NOT PAINTED
460,NSW002745_STR_1,NSW,B (Low),TOWER STEEL,40.0,NOT PAINTED
461,NSW002749_STR_1,NSW,C (Medium),POLE CONCRETE,40.0,NOT PAINTED
462,NSW002752_STR_1,NSW,C (Medium),POLE STEEL,20.0,NOT PAINTED
463,NSW002757_STR_1,NSW,C (Medium),POLE STEEL,30.0,NOT PAINTED
464,NSW002758_STR_1,NSW,B (Low),POLE STEEL,25.0,ENVIRONMENT / AESTHETIC
465,NSW002759_STR_1,NSW,C (Medium),POLE STEEL,28.8,NOT PAINTED
466,NSW002760_STR_1,NSW,C (Medium),POLE STEEL,28.8,ENVIRONMENT / AESTHETIC
467,NSW002761_STR_1,NSW,C (Medium),POLE CONCRETE,20.0,ENVIRONMENT / AESTHETIC
468,NSW002764_STR_1,NSW,C (Medium),POLE STEEL,30.0,NOT PAINTED
469,NSW002776_STR_1,NSW,B (Low),MAST FREE STANDING,20.2,NOT PAINTED
470,NSW002778_STR_1,NSW,B (Low),MAST GUYED,80.0,NOT PAINTED
471,NSW002787_STR_1,NSW,C (Medium),POLE STEEL,25.0,ENVIRONMENT / AESTHETIC
472,NSW002794_STR_1,NSW,B (Low),POLE STEEL,30.0,NOT PAINTED
473,NSW002802_STR_1,NSW,C (Medium),POLE CONCRETE,35.0,NOT PAINTED
474,NSW002809_STR_1,NSW,B (Low),POLE CONCRETE,20.0,NOT PAINTED
475,NSW002812_STR_1,NSW,B (Low),POLE STEEL,25.0,NOT PAINTED
476,NSW002813_STR_1,NSW,B (Low),POLE STEEL,20.0,NOT PAINTED
477,NSW002842_STR_1,NSW,E (Very High),POLE STEEL,23.8,ENVIRONMENT / AESTHETIC
478,NSW002865_STR_1,NSW,C (Medium),POLE STEEL,25.0,ENVIRONMENT / AESTHETIC
479,NSW002868_STR_1,NSW,C (Medium),POLE STEEL,20.0,NOT PAINTED
480,NSW002869_STR_1,NSW,B (Low),POLE CONCRETE,30.0,
481,NSW002871_STR_1,NSW,B (Low),POLE CONCRETE,40.0,NOT PAINTED
482,NSW002886_STR_1,NSW,C (Medium),POLE STEEL,20.0,NOT PAINTED
483,NSW002887_STR_1,NSW,B (Low),POLE STEEL,30.0,NOT PAINTED
484,NSW002891_STR_1,NSW,B (Low),POLE CONCRETE,25.0,NOT PAINTED
485,NSW002915_STR_1,NSW,C (Medium),POLE CONCRETE,30.0,NOT PAINTED
486,NSW002941_STR_1,NSW,C (Medium),POLE STEEL,25.3,NOT PAINTED
487,NSW002958_STR_1,NSW,C (Medium),POLE STEEL,25.0,ENVIRONMENT / AESTHETIC
488,NSW002993_STR_1,NSW,C (Medium),POLE TIMBER,15.79,NOT PAINTED
489,NSW002997_STR_1,NSW,C (Medium),POLE STEEL,35.0,ENVIRONMENT / AESTHETIC
490,NSW003001_STR_1,NSW,B (Low),TOWER STEEL,11.0,NOT PAINTED
491,NSW003005_STR_1,NSW,C (Medium),POLE CONCRETE,15.0,NOT PAINTED
492,NSW003006_STR_1,NSW,B (Low),TRIAD STEEL,9.0,NOT PAINTED
493,NSW003007_STR_1,NSW,C (Medium),TOWER STEEL,45.7,NOT PAINTED
494,NSW003016_STR_1,NSW,C (Medium),POLE STEEL,40.0,ENVIRONMENT / AESTHETIC
495,NSW003017_STR_1,NSW,C (Medium),POLE CONCRETE,30.0,NOT PAINTED
496,NSW003029_STR_1,NSW,C (Medium),POLE CONCRETE,20.0,ENVIRONMENT / AESTHETIC
497,NSW003034_STR_1,NSW,E (Very High),POLE CONCRETE,30.0,NOT PAINTED
498,NSW003034_STR_2,NSW,E (Very High),POLE CONCRETE,30.0,
499,NSW003036_STR_1,NSW,C (Medium),POLE STEEL,30.0,NOT PAINTED
500,NSW003037_STR_1,NSW,C (Medium),TOWER STEEL,50.0,NOT PAINTED
501,NSW003071_STR_1,NSW,B (Low),POLE STEEL,30.0,NOT PAINTED
502,NSW003078_STR_1,NSW,B (Low),MAST FREE STANDING,9.9,NOT PAINTED
503,NSW003083_STR_1,NSW,B (Low),POLE TIMBER,18.0,NOT PAINTED
504,NSW003090_STR_1,NSW,B (Low),MAST GUYED,60.0,NOT PAINTED
505,NSW003092_STR_1,NSW,B (Low),POLE CONCRETE,20.0,NOT PAINTED
506,NSW003095_STR_1,NSW,C (Medium),POLE CONCRETE,35.0,ENVIRONMENT / AESTHETIC
507,NSW003096_STR_1,NSW,C (Medium),POLE CONCRETE,30.0,ENVIRONMENT / AESTHETIC
508,NSW003097_STR_1,NSW,C (Medium),POLE STEEL,33.8,NOT PAINTED
509,NSW003100_STR_1,NSW,B (Low),POLE STEEL,35.0,NOT PAINTED
510,NSW003127_STR_1,NSW,E (Very High),POLE STEEL,20.0,ENVIRONMENT / AESTHETIC
511,NSW003129_STR_1,NSW,C (Medium),POLE STEEL,35.0,ENVIRONMENT / AESTHETIC
512,NSW003132_STR_1,NSW,E (Very High),TOWER STEEL,70.0,NOT PAINTED
513,NSW003133_STR_1,NSW,C (Medium),MAST FREE STANDING,15.5,NOT PAINTED
514,NSW003141_STR_1,NSW,C (Medium),POLE CONCRETE,24.0,NOT PAINTED
515,NSW003149_STR_1,NSW,B (Low),MAST FREE STANDING,18.0,NOT PAINTED
516,NSW003153_STR_1,NSW,E (Very High),POLE CONCRETE,35.0,ENVIRONMENT / AESTHETIC
517,NSW003167_STR_1,NSW,C (Medium),POLE CONCRETE,30.0,NOT PAINTED
518,NSW003168_STR_1,NSW,C (Medium),POLE CONCRETE,35.0,ENVIRONMENT / AESTHETIC
519,NSW003171_STR_1,NSW,C (Medium),POLE STEEL,25.0,NOT PAINTED
520,NSW003179_STR_1,NSW,B (Low),POLE CONCRETE,40.0,NOT PAINTED
521,NSW003194_STR_1,NSW,C (Medium),TOWER STEEL,60.0,NOT PAINTED
522,NSW003197_STR_1,NSW,C (Medium),POLE CONCRETE,30.0,ENVIRONMENT / AESTHETIC
523,NSW003202_STR_1,NSW,C (Medium),POLE STEEL,30.0,ENVIRONMENT / AESTHETIC
524,NSW003213_STR_1,NSW,C (Medium),POLE CONCRETE,30.0,NOT PAINTED
525,NSW003223_STR_1,NSW,B (Low),TOWER STEEL,45.7,NOT PAINTED
526,NSW003236_STR_1,NSW,C (Medium),POLE CONCRETE,40.0,NOT PAINTED
527,NSW003240_STR_1,NSW,B (Low),TRIAD STEEL,9.0,NOT PAINTED
528,NSW003241_STR_1,NSW,B (Low),POLE STEEL,28.8,NOT PAINTED
529,NSW003242_STR_1,NSW,B (Low),TOWER STEEL,50.0,NOT PAINTED
530,NSW003247_STR_1,NSW,C (Medium),POLE CONCRETE,20.0,ENVIRONMENT / AESTHETIC
531,NSW003263_STR_1,NSW,C (Medium),POLE STEEL,35.0,ENVIRONMENT / AESTHETIC
532,NSW003264_STR_1,NSW,B (Low),MAST GUYED,81.0,NOT PAINTED
533,NSW003265_STR_1,NSW,B (Low),POLE STEEL,35.0,NOT PAINTED
534,NSW003266_STR_1,NSW,C (Medium),POLE STEEL,35.0,NOT PAINTED
535,NSW003267_STR_1,NSW,B (Low),POLE CONCRETE,30.0,NOT PAINTED
536,NSW003268_STR_1,NSW,B (Low),POLE CONCRETE,40.0,NOT PAINTED
537,NSW003269_STR_1,NSW,B (Low),POLE CONCRETE,40.0,NOT PAINTED
538,NSW003270_STR_1,NSW,B (Low),POLE TIMBER,19.0,NOT PAINTED
539,NSW003271_STR_1,NSW,B (Low),POLE CONCRETE,40.0,NOT PAINTED
540,NSW003272_STR_1,NSW,B (Low),POLE STEEL,30.0,NOT PAINTED
541,NSW003273_STR_1,NSW,C (Medium),POLE STEEL,30.0,NOT PAINTED
542,NSW003274_STR_1,NSW,B (Low),POLE STEEL,30.0,ENVIRONMENT / AESTHETIC
543,NSW003275_STR_1,NSW,B (Low),POLE STEEL,30.0,NOT PAINTED
544,NSW003279_STR_1,NSW,A (Very Low),POLE CONCRETE,30.0,
545,NSW003288_STR_1,NSW,C (Medium),POLE CONCRETE,40.0,NOT PAINTED
546,NSW003294_STR_1,NSW,B (Low),POLE CONCRETE,30.0,ENVIRONMENT / AESTHETIC
547,NSW003301_STR_1,NSW,C (Medium),POLE CONCRETE,30.0,NOT PAINTED
548,NSW003302_STR_1,NSW,B (Low),POLE CONCRETE,25.0,NOT PAINTED
549,NSW003303_STR_1,NSW,C (Medium),POLE CONCRETE,30.0,NOT PAINTED
550,NSW003308_STR_1,NSW,C (Medium),POLE CONCRETE,37.0,NOT PAINTED
551,NSW003310_STR_1,NSW,C (Medium),TOWER STEEL,50.0,ENVIRONMENT / AESTHETIC
552,NSW003315_STR_1,NSW,,POLE CONCRETE,40.0,
553,NSW003321_STR_1,NSW,C (Medium),POLE CONCRETE,30.0,NOT PAINTED
554,NSW003322_STR_1,NSW,A (Very Low),POLE CONCRETE,30.0,
555,NSW003323_STR_1,NSW,C (Medium),POLE CONCRETE,40.0,ENVIRONMENT / AESTHETIC
556,NSW003328_STR_1,NSW,C (Medium),POLE CONCRETE,40.0,ENVIRONMENT / AESTHETIC
557,NSW003329_STR_1,NSW,B (Low),POLE CONCRETE,30.0,ENVIRONMENT / AESTHETIC
558,NSW003330_STR_1,NSW,C (Medium),POLE CONCRETE,20.0,NOT PAINTED
559,NSW003331_STR_1,NSW,C (Medium),POLE CONCRETE,17.0,AVIATION
560,NSW003332_STR_1,NSW,C (Medium),POLE CONCRETE,35.0,NOT PAINTED
561,NSW003333_STR_1,NSW,B (Low),POLE CONCRETE,25.0,NOT PAINTED
562,NSW003334_STR_1,NSW,C (Medium),MAST FREE STANDING,20.0,NOT PAINTED
563,NSW003335_STR_1,NSW,,POLE GENERIC,25.0,
564,NSW003337_STR_1,NSW,B (Low),POLE CONCRETE,19.0,NOT PAINTED
565,NSW003338_STR_1,NSW,C (Medium),POLE CONCRETE,35.0,NOT PAINTED
566,NSW003343_STR_1,NSW,C (Medium),POLE STEEL,25.0,NOT PAINTED
567,NSW003345_STR_1,NSW,B (Low),POLE STEEL,30.0,
568,NSW003345_STR_2,NSW,B (Low),POLE STEEL,30.0,
569,NSW003347_STR_1,NSW,B (Low),POLE STEEL,6.0,NOT PAINTED
570,NSW003349_STR_1,NSW,E (Very High),POLE CONCRETE,30.0,ENVIRONMENT / AESTHETIC
571,NSW003351_STR_1,NSW,B (Low),POLE CONCRETE,30.0,ENVIRONMENT / AESTHETIC
572,NSW003352_STR_1,NSW,B (Low),POLE CONCRETE,40.0,PROTECTION
573,NSW003354_STR_1,NSW,B (Low),MAST FREE STANDING,29.0,NOT PAINTED
574,NSW003357_STR_1,NSW,C (Medium),POLE CONCRETE,30.0,ENVIRONMENT / AESTHETIC
575,NSW003358_STR_1,NSW,E (Very High),POLE CONCRETE,30.0,ENVIRONMENT / AESTHETIC
576,NSW003359_STR_1,NSW,B (Low),POLE CONCRETE,15.0,NOT PAINTED
577,NSW003359_STR_2,NSW,B (Low),POLE CONCRETE,15.0,NOT PAINTED
578,NSW003360_STR_1,NSW,C (Medium),POLE CONCRETE,30.0,ENVIRONMENT / AESTHETIC
579,NSW003365_STR_1,NSW,B (Low),POLE CONCRETE,20.0,NOT PAINTED
580,NSW003366_STR_1,NSW,B (Low),TOWER STEEL,22.0,ENVIRONMENT / AESTHETIC
581,NSW003376_STR_1,NSW,,POLE CONCRETE,30.0,
582,NSW003378_STR_1,NSW,,POLE CONCRETE,40.0,
583,NSW003386_STR_1,NSW,C (Medium),POLE CONCRETE,27.0,NOT PAINTED
584,NSW003387_STR_1,NSW,B (Low),TOWER STEEL,50.0,AVIATION
585,NSW003390_STR_1,NSW,C (Medium),POLE CONCRETE,30.0,NOT PAINTED
586,NSW003391_STR_1,NSW,B (Low),POLE CONCRETE,25.0,ENVIRONMENT / AESTHETIC
587,NSW003402_STR_1,NSW,C (Medium),POLE CONCRETE,25.0,NOT PAINTED
588,NSW003406_STR_1,NSW,,POLE STEEL,35.0,
589,NSW003411_STR_1,NSW,C (Medium),POLE STEEL,33.8,NOT PAINTED
590,NSW003415_STR_1,NSW,C (Medium),POLE STEEL,20.0,ENVIRONMENT / AESTHETIC
591,NSW003421_STR_1,NSW,,BUILDING EXTERNAL,5.64,
592,NSW003429_STR_1,NSW,C (Medium),POLE CONCRETE,30.0,
593,NSW003432_STR_1,NSW,B (Low),TRIAD STEEL,9.0,NOT PAINTED
594,NSW003433_STR_1,NSW,B (Low),POLE TIMBER,15.4,NOT PAINTED
595,NSW003435_STR_1,NSW,C (Medium),POLE CONCRETE,35.0,NOT PAINTED
596,NSW003436_STR_1,NSW,C (Medium),POLE STEEL,25.0,ENVIRONMENT / AESTHETIC
597,NSW003442_STR_1,NSW,C (Medium),POLE CONCRETE,20.0,NOT PAINTED
598,NSW003446_STR_1,NSW,E (Very High),POLE CONCRETE,35.0,ENVIRONMENT / AESTHETIC
599,NSW003448_STR_1,NSW,C (Medium),POLE STEEL,30.0,NOT PAINTED
600,NSW003452_STR_1,NSW,B (Low),POLE CONCRETE,40.0,NOT PAINTED
601,NSW003453_STR_1,NSW,,POLE CONCRETE,40.0,
602,NSW003457_STR_1,NSW,C (Medium),POLE CONCRETE,35.0,NOT PAINTED
603,NSW003462_STR_1,NSW,C (Medium),MAST GUYED,30.0,NOT PAINTED
604,NSW003465_STR_1,NSW,B (Low),POLE CONCRETE,25.0,NOT PAINTED
605,NSW003466_STR_1,NSW,C (Medium),POLE CONCRETE,40.0,NOT PAINTED
606,NSW003467_STR_1,NSW,C (Medium),POLE CONCRETE,25.0,NOT PAINTED
607,NSW003475_STR_1,NSW,C (Medium),POLE CONCRETE,25.0,ENVIRONMENT / AESTHETIC
608,NSW003476_STR_1,NSW,B (Low),POLE CONCRETE,40.0,NOT PAINTED
609,NSW003492_STR_1,NSW,A (Very Low),POLE CONCRETE,30.0,
610,NSW003496_STR_1,NSW,,POLE CONCRETE,50.0,
611,NSW003501_STR_1,NSW,C (Medium),POLE CONCRETE,25.0,
612,NSW003502_STR_1,NSW,B (Low),POLE STEEL,30.0,NOT PAINTED
613,NSW003508_STR_1,NSW,B (Low),POLE CONCRETE,20.0,ENVIRONMENT / AESTHETIC
614,NSW003529_STR_1,NSW,B (Low),POLE CONCRETE,15.0,NOT PAINTED
615,NSW003530_STR_1,NSW,C (Medium),POLE CONCRETE,30.0,NOT PAINTED
616,NSW003531_STR_1,NSW,B (Low),POLE CONCRETE,25.0,NOT PAINTED
617,NSW003532_STR_1,NSW,B (Low),POLE CONCRETE,30.0,PROTECTION
618,NSW003533_STR_1,NSW,C (Medium),POLE STEEL,30.0,ENVIRONMENT / AESTHETIC
619,NSW003535_STR_1,NSW,C (Medium),POLE CONCRETE,20.0,ENVIRONMENT / AESTHETIC
620,NSW003536_STR_1,NSW,B (Low),POLE CONCRETE,25.0,NOT PAINTED
621,NSW003555_STR_1,NSW,B (Low),POLE CONCRETE,30.0,NOT PAINTED
622,NSW003559_STR_1,NSW,C (Medium),POLE STEEL,40.0,ENVIRONMENT / AESTHETIC
623,NSW003565_STR_1,NSW,B (Low),POLE CONCRETE,30.0,NOT PAINTED
624,NSW003575_STR_1,NSW,C (Medium),POLE CONCRETE,30.0,NOT PAINTED
625,NSW003581_STR_1,NSW,B (Low),POLE CONCRETE,35.0,NOT PAINTED
626,NSW003590_STR_1,NSW,B (Low),POLE STEEL,35.0,NOT PAINTED
627,NSW003594_STR_1,NSW,B (Low),POLE CONCRETE,25.0,NOT PAINTED
628,NSW003597_STR_1,NSW,C (Medium),POLE CONCRETE,25.0,NOT PAINTED
629,NSW003606_STR_1,NSW,B (Low),POLE CONCRETE,15.0,NOT PAINTED
630,NSW003611_STR_1,NSW,B (Low),POLE STEEL,30.0,NOT PAINTED
631,NSW003613_STR_1,NSW,C (Medium),POLE CONCRETE,20.0,ENVIRONMENT / AESTHETIC
632,NSW003616_STR_1,NSW,B (Low),POLE CONCRETE,20.0,ENVIRONMENT / AESTHETIC
633,NSW003620_STR_1,NSW,C (Medium),POLE CONCRETE,25.0,NOT PAINTED
634,NSW003629_STR_1,NSW,B (Low),POLE CONCRETE,40.0,NOT PAINTED
635,NSW003642_STR_1,NSW,C (Medium),POLE CONCRETE,30.0,NOT PAINTED
636,NSW003643_STR_1,NSW,B (Low),POLE CONCRETE,30.0,NOT PAINTED
637,NSW003644_STR_1,NSW,B (Low),POLE CONCRETE,20.0,NOT PAINTED
638,NSW003647_STR_1,NSW,B (Low),POLE CONCRETE,35.0,NOT PAINTED
639,NSW003655_STR_1,NSW,C (Medium),POLE CONCRETE,30.0,AVIATION
640,NSW003657_STR_1,NSW,B (Low),TOWER STEEL,60.0,NOT PAINTED
641,NSW003659_STR_1,NSW,B (Low),POLE CONCRETE,40.0,NOT PAINTED
642,NSW003667_STR_1,NSW,E (Very High),POLE CONCRETE,25.0,NOT PAINTED
643,NSW003683_STR_1,NSW,B (Low),POLE CONCRETE,18.2,ENVIRONMENT / AESTHETIC
644,NSW003685_STR_1,NSW,C (Medium),POLE CONCRETE,20.0,NOT PAINTED
645,NSW003687_STR_1,NSW,B (Low),POLE CONCRETE,25.0,NOT PAINTED
646,NSW003694_STR_1,NSW,C (Medium),POLE CONCRETE,15.0,ENVIRONMENT / AESTHETIC
647,NSW003704_STR_1,NSW,B (Low),POLE CONCRETE,35.0,NOT PAINTED
648,NSW003712_STR_1,NSW,B (Low),POLE CONCRETE,25.0,NOT PAINTED
649,NSW003728_STR_1,NSW,C (Medium),POLE CONCRETE,30.0,NOT PAINTED
650,NSW003731_STR_1,NSW,B (Low),POLE CONCRETE,30.0,NOT PAINTED
651,NSW003737_STR_1,NSW,B (Low),POLE CONCRETE,40.0,NOT PAINTED
652,NSW003741_STR_1,NSW,E (Very High),POLE CONCRETE,40.0,NOT PAINTED
653,NSW003743_STR_1,NSW,C (Medium),POLE CONCRETE,30.0,NOT PAINTED
654,NSW003747_STR_1,NSW,B (Low),POLE CONCRETE,25.0,ENVIRONMENT / AESTHETIC
655,NSW003748_STR_1,NSW,B (Low),POLE CONCRETE,40.0,NOT PAINTED
656,NSW003749_STR_1,NSW,B (Low),POLE CONCRETE,30.0,NOT PAINTED
657,NSW003753_STR_1,NSW,C (Medium),MAST FREE STANDING,7.5,NOT PAINTED
658,NSW003754_STR_1,NSW,C (Medium),POLE CONCRETE,30.0,NOT PAINTED
659,NSW003756_STR_1,NSW,B (Low),POLE CONCRETE,40.0,NOT PAINTED
660,NSW003757_STR_1,NSW,C (Medium),POLE CONCRETE,35.0,NOT PAINTED
661,NSW003758_STR_1,NSW,B (Low),POLE CONCRETE,40.0,NOT PAINTED
662,NSW003762_STR_1,NSW,C (Medium),POLE CONCRETE,40.0,NOT PAINTED
663,NSW003764_STR_1,NSW,B (Low),POLE CONCRETE,30.0,ENVIRONMENT / AESTHETIC
664,NSW003768_STR_1,NSW,B (Low),POLE CONCRETE,40.0,ENVIRONMENT / AESTHETIC
665,NSW003774_STR_1,NSW,B (Low),POLE CONCRETE,40.0,ENVIRONMENT / AESTHETIC
666,NSW003775_STR_1,NSW,B (Low),POLE CONCRETE,20.0,NOT PAINTED
667,NSW003776_STR_1,NSW,E (Very High),POLE CONCRETE,35.0,NOT PAINTED
668,NSW003777_STR_1,NSW,B (Low),POLE CONCRETE,40.0,NOT PAINTED
669,NSW003779_STR_1,NSW,C (Medium),POLE CONCRETE,23.94,NOT PAINTED
670,NSW003782_STR_1,NSW,B (Low),POLE CONCRETE,40.0,NOT PAINTED
671,NSW003787_STR_1,NSW,C (Medium),POLE CONCRETE,25.0,ENVIRONMENT / AESTHETIC
672,NSW003790_STR_1,NSW,B (Low),POLE STEEL,30.0,NOT PAINTED
673,NSW003798_STR_1,NSW,C (Medium),POLE CONCRETE,40.0,NOT PAINTED
674,NSW003800_STR_1,NSW,C (Medium),POLE CONCRETE,40.0,NOT PAINTED
675,NSW003801_STR_1,NSW,C (Medium),POLE CONCRETE,40.0,NOT PAINTED
676,NSW003802_STR_1,NSW,C (Medium),POLE CONCRETE,30.0,NOT PAINTED
677,NSW003804_STR_1,NSW,C (Medium),TOWER STEEL,40.0,NOT PAINTED
678,NSW003808_STR_1,NSW,B (Low),TOWER STEEL,50.0,ENVIRONMENT / AESTHETIC
679,NSW003816_STR_1,NSW,B (Low),POLE CONCRETE,25.0,NOT PAINTED
680,NSW003818_STR_1,NSW,C (Medium),TOWER STEEL,60.0,ENVIRONMENT / AESTHETIC
681,NSW003819_STR_1,NSW,B (Low),TRIAD STEEL,9.0,NOT PAINTED
682,NSW003825_STR_2,NSW,B (Low),POLE CONCRETE,30.0,
683,NSW003829_STR_1,NSW,B (Low),POLE CONCRETE,40.0,NOT PAINTED
684,NSW003830_STR_1,NSW,C (Medium),POLE CONCRETE,40.0,NOT PAINTED
685,NSW003833_STR_1,NSW,C (Medium),POLE CONCRETE,30.0,NOT PAINTED
686,NSW003843_STR_1,NSW,B (Low),POLE CONCRETE,25.0,NOT PAINTED
687,NSW003851_STR_1,NSW,B (Low),POLE CONCRETE,30.0,ENVIRONMENT / AESTHETIC
688,NSW003853_STR_1,NSW,B (Low),POLE CONCRETE,30.0,NOT PAINTED
689,NSW003858_STR_1,NSW,B (Low),TOWER STEEL,50.0,NOT PAINTED
690,NSW003868_STR_1,NSW,B (Low),POLE CONCRETE,40.0,NOT PAINTED
691,NSW003873_STR_1,NSW,C (Medium),TOWER STEEL,50.0,NOT PAINTED
692,NSW003874_STR_1,NSW,B (Low),POLE CONCRETE,35.0,NOT PAINTED
693,NSW003876_STR_1,NSW,B (Low),POLE CONCRETE,30.0,NOT PAINTED
694,NSW003900_STR_1,NSW,B (Low),POLE STEEL,30.0,
695,NSW003903_STR_1,NSW,B (Low),POLE CONCRETE,30.0,
696,NSW003917_STR_1,NSW,C (Medium),TOWER STEEL,50.0,NOT PAINTED
697,NSW003919_STR_2,NSW,,POLE CONCRETE,35.0,
698,NSW003920_STR_1,NSW,C (Medium),POLE CONCRETE,40.0,NOT PAINTED
699,NSW003921_STR_1,NSW,C (Medium),POLE CONCRETE,35.0,ENVIRONMENT / AESTHETIC
700,NSW003925_STR_1,NSW,A (Very Low),POLE CONCRETE,40.0,NOT PAINTED
701,NSW003934_STR_1,NSW,B (Low),TOWER STEEL,50.0,NOT PAINTED
702,NSW003938_STR_1,NSW,B (Low),POLE CONCRETE,40.0,NOT PAINTED
703,NSW003943_STR_1,NSW,B (Low),POLE CONCRETE,40.0,NOT PAINTED
704,NSW003948_STR_1,NSW,C (Medium),POLE CONCRETE,30.0,NOT PAINTED
705,NSW003952_STR_1,NSW,B (Low),POLE CONCRETE,30.0,NOT PAINTED
706,NSW003957_STR_1,NSW,C (Medium),POLE CONCRETE,40.0,NOT PAINTED
707,NSW003960_STR_1,NSW,C (Medium),POLE CONCRETE,30.0,ENVIRONMENT / AESTHETIC
708,NSW003970_STR_1,NSW,B (Low),POLE CONCRETE,30.0,NOT PAINTED
709,NSW003971_STR_1,NSW,B (Low),POLE STEEL,33.8,NOT PAINTED
710,NSW003975_STR_1,NSW,B (Low),TOWER STEEL,50.0,NOT PAINTED
711,NSW003979_STR_1,NSW,B (Low),TOWER STEEL,50.0,NOT PAINTED
712,NSW003980_STR_1,NSW,C (Medium),POLE CONCRETE,40.0,NOT PAINTED
713,NSW003983_STR_1,NSW,B (Low),POLE CONCRETE,25.0,NOT PAINTED
714,NSW003987_STR_1,NSW,B (Low),POLE CONCRETE,30.0,NOT PAINTED
715,NSW003991_STR_1,NSW,B (Low),POLE CONCRETE,40.0,NOT PAINTED
716,NSW004009_STR_1,NSW,C (Medium),POLE CONCRETE,40.0,NOT PAINTED
717,NSW004049_STR_1,NSW,B (Low),POLE CONCRETE,40.0,NOT PAINTED
718,NSW004053_STR_1,NSW,B (Low),POLE CONCRETE,40.0,ENVIRONMENT / AESTHETIC
719,NSW004054_STR_1,NSW,,POLE CONCRETE,40.0,
720,NSW004057_STR_1,NSW,B (Low),POLE CONCRETE,35.0,NOT PAINTED
721,NSW004061_STR_1,NSW,C (Medium),POLE CONCRETE,40.0,NOT PAINTED
722,NSW004066_STR_1,NSW,C (Medium),POLE CONCRETE,40.0,NOT PAINTED
723,NSW004069_STR_1,NSW,C (Medium),POLE CONCRETE,35.0,NOT PAINTED
724,NSW004075_STR_1,NSW,C (Medium),POLE STEEL,30.0,ENVIRONMENT / AESTHETIC
725,NSW004076_STR_1,NSW,C (Medium),POLE CONCRETE,30.0,NOT PAINTED
726,NSW004080_STR_1,NSW,B (Low),POLE CONCRETE,40.0,NOT PAINTED
727,NSW004084_STR_1,NSW,B (Low),POLE CONCRETE,30.0,NOT PAINTED
728,NSW004092_STR_1,NSW,E (Very High),POLE CONCRETE,30.0,ENVIRONMENT / AESTHETIC
729,NSW004093_STR_1,NSW,C (Medium),POLE CONCRETE,40.0,NOT PAINTED
730,NSW004094_STR_1,NSW,C (Medium),POLE CONCRETE,30.0,NOT PAINTED
731,NSW004120_STR_1,NSW,B (Low),POLE CONCRETE,28.0,NOT PAINTED
732,NSW004127_STR_1,NSW,C (Medium),POLE CONCRETE,40.0,NOT PAINTED
733,NSW004129_STR_1,NSW,B (Low),POLE CONCRETE,40.0,NOT PAINTED
734,NSW004132_STR_1,NSW,B (Low),POLE CONCRETE,35.0,NOT PAINTED
735,NSW004135_STR_1,NSW,C (Medium),POLE CONCRETE,40.0,NOT PAINTED
736,NSW004152_STR_1,NSW,B (Low),POLE CONCRETE,30.0,NOT PAINTED
737,NSW004165_STR_1,NSW,C (Medium),POLE STEEL,35.0,AVIATION
738,NSW004173_STR_1,NSW,B (Low),POLE CONCRETE,30.0,NOT PAINTED
739,NSW004174_STR_1,NSW,B (Low),POLE CONCRETE,40.0,NOT PAINTED
740,NSW004208_STR_1,NSW,C (Medium),POLE CONCRETE,30.0,NOT PAINTED
741,NSW004212_STR_1,NSW,B (Low),POLE CONCRETE,40.0,NOT PAINTED
742,NSW004226_STR_1,NSW,B (Low),MAST FREE STANDING,9.0,NOT PAINTED
743,NSW004258_STR_1,NSW,B (Low),POLE CONCRETE,35.0,NOT PAINTED
744,NSW004270_STR_1,NSW,B (Low),POLE CONCRETE,30.0,NOT PAINTED
745,NSW004271_STR_1,NSW,B (Low),POLE CONCRETE,40.0,NOT PAINTED
746,NSW004272_STR_1,NSW,B (Low),POLE CONCRETE,40.0,NOT PAINTED
747,NSW004273_STR_1,NSW,B (Low),POLE CONCRETE,40.0,NOT PAINTED
748,NSW004274_STR_1,NSW,C (Medium),POLE CONCRETE,40.0,NOT PAINTED
749,NSW004275_STR_1,NSW,B (Low),POLE CONCRETE,40.0,NOT PAINTED
750,NSW004276_STR_1,NSW,B (Low),POLE CONCRETE,40.0,NOT PAINTED
751,NSW004282_STR_1,NSW,B (Low),POLE STEEL,6.5,NOT PAINTED
752,NSW004283_STR_1,NSW,C (Medium),POLE CONCRETE,40.0,NOT PAINTED
753,NSW004284_STR_1,NSW,C (Medium),POLE CONCRETE,40.0,ENVIRONMENT / AESTHETIC
754,NSW004292_STR_1,NSW,B (Low),POLE TIMBER,12.0,NOT PAINTED
755,NSW004305_STR_1,NSW,C (Medium),POLE STEEL,30.0,NOT PAINTED
756,NSW004309_STR_1,NSW,B (Low),POLE CONCRETE,30.0,PROTECTION
757,NSW004314_STR_1,NSW,B (Low),POLE CONCRETE,40.0,NOT PAINTED
758,NSW004316_STR_1,NSW,B (Low),POLE CONCRETE,40.0,NOT PAINTED
759,NSW004317_STR_1,NSW,B (Low),POLE CONCRETE,40.0,NOT PAINTED
760,NSW004322_STR_1,NSW,C (Medium),POLE CONCRETE,30.0,NOT PAINTED
761,NSW004323_STR_1,NSW,B (Low),POLE CONCRETE,40.0,NOT PAINTED
762,NSW004323_STR_2,NSW,B (Low),POLE CONCRETE,40.0,
763,NSW004339_STR_1,NSW,B (Low),POLE CONCRETE,40.0,NOT PAINTED
764,NSW004355_STR_1,NSW,B (Low),POLE CONCRETE,40.0,NOT PAINTED
765,NSW004392_STR_1,NSW,C (Medium),POLE CONCRETE,40.0,ENVIRONMENT / AESTHETIC
766,NSW004394_STR_1,NSW,B (Low),POLE CONCRETE,30.0,NOT PAINTED
767,NSW004395_STR_1,NSW,C (Medium),POLE CONCRETE,40.0,NOT PAINTED
768,NSW004399_STR_1,NSW,C (Medium),POLE CONCRETE,40.0,NOT PAINTED
769,NSW004404_STR_1,NSW,C (Medium),POLE CONCRETE,30.0,NOT PAINTED
770,NSW004416_STR_1,NSW,B (Low),POLE CONCRETE,30.0,ENVIRONMENT / AESTHETIC
771,NSW004419_STR_1,NSW,C (Medium),POLE CONCRETE,40.0,NOT PAINTED
772,NSW004420_STR_1,NSW,C (Medium),POLE CONCRETE,40.0,NOT PAINTED
773,NSW004421_STR_1,NSW,C (Medium),POLE CONCRETE,25.0,NOT PAINTED
774,NSW004422_STR_1,NSW,B (Low),POLE CONCRETE,30.0,NOT PAINTED
775,NSW004429_STR_1,NSW,B (Low),POLE CONCRETE,40.0,NOT PAINTED
776,NSW004437_STR_1,NSW,C (Medium),POLE CONCRETE,40.0,NOT PAINTED
777,NSW004441_STR_1,NSW,C (Medium),POLE CONCRETE,30.0,ENVIRONMENT / AESTHETIC
778,NSW004442_STR_1,NSW,B (Low),TOWER STEEL,50.0,NOT PAINTED
779,NSW004444_STR_1,NSW,C (Medium),POLE CONCRETE,30.0,NOT PAINTED
780,NSW004460_STR_1,NSW,B (Low),POLE CONCRETE,40.0,NOT PAINTED
781,NSW004473_STR_1,NSW,B (Low),POLE CONCRETE,40.0,NOT PAINTED
782,NSW004476_STR_1,NSW,B (Low),POLE CONCRETE,40.0,NOT PAINTED
783,NSW004477_STR_1,NSW,B (Low),POLE CONCRETE,40.0,NOT PAINTED
784,NSW004478_STR_1,NSW,B (Low),POLE CONCRETE,40.0,NOT PAINTED
785,NSW004493_STR_1,NSW,B (Low),POLE CONCRETE,40.0,NOT PAINTED
786,NSW004495_STR_1,NSW,B (Low),POLE CONCRETE,35.0,NOT PAINTED
787,NSW004496_STR_1,NSW,C (Medium),POLE CONCRETE,30.0,NOT PAINTED
788,NSW004498_STR_1,NSW,B (Low),POLE CONCRETE,30.0,NOT PAINTED
789,NSW004501_STR_1,NSW,C (Medium),POLE CONCRETE,40.0,NOT PAINTED
790,NSW004502_STR_1,NSW,B (Low),POLE CONCRETE,40.0,NOT PAINTED
791,NSW004506_STR_1,NSW,B (Low),POLE CONCRETE,40.0,NOT PAINTED
792,NSW004509_STR_1,NSW,C (Medium),POLE CONCRETE,40.0,NOT PAINTED
793,NSW004510_STR_1,NSW,B (Low),POLE CONCRETE,40.0,NOT PAINTED
794,NSW004512_STR_1,NSW,B (Low),POLE CONCRETE,30.0,NOT PAINTED
795,NSW004523_STR_1,NSW,A (Very Low),POLE CONCRETE,30.0,NOT PAINTED
796,NSW004527_STR_1,NSW,B (Low),POLE CONCRETE,40.0,NOT PAINTED
797,NSW004531_STR_1,NSW,C (Medium),POLE CONCRETE,40.0,NOT PAINTED
798,NSW004536_STR_1,NSW,B (Low),TOWER STEEL,45.0,NOT PAINTED
799,NSW004542_STR_1,NSW,B (Low),POLE STEEL,33.8,NOT PAINTED
800,NSW004546_STR_1,NSW,B (Low),POLE CONCRETE,40.0,NOT PAINTED
801,NSW004547_STR_1,NSW,C (Medium),POLE CONCRETE,40.0,NOT PAINTED
802,NSW004552_STR_1,NSW,B (Low),TOWER STEEL,45.0,NOT PAINTED
803,NSW004559_STR_1,NSW,B (Low),POLE CONCRETE,40.0,NOT PAINTED
804,NSW004561_STR_1,NSW,B (Low),TOWER STEEL,50.0,NOT PAINTED
805,NSW004562_STR_1,NSW,B (Low),POLE CONCRETE,40.0,NOT PAINTED
806,NSW004564_STR_1,NSW,B (Low),POLE CONCRETE,40.0,NOT PAINTED
807,NSW004565_STR_1,NSW,B (Low),POLE CONCRETE,40.0,NOT PAINTED
808,NSW004566_STR_1,NSW,C (Medium),POLE STEEL,40.0,NOT PAINTED
809,NSW004567_STR_1,NSW,C (Medium),POLE STEEL,40.0,ENVIRONMENT / AESTHETIC
810,NSW004570_STR_1,NSW,C (Medium),POLE TIMBER,8.0,NOT PAINTED
811,NSW004572_STR_1,NSW,B (Low),POLE CONCRETE,40.0,NOT PAINTED
812,NSW004573_STR_1,NSW,B (Low),POLE CONCRETE,40.0,NOT PAINTED
813,NSW004578_STR_1,NSW,E (Very High),POLE CONCRETE,40.0,NOT PAINTED
814,NSW004582_STR_1,NSW,C (Medium),POLE CONCRETE,30.0,ENVIRONMENT / AESTHETIC
815,NSW004584_STR_1,NSW,B (Low),POLE CONCRETE,40.0,NOT PAINTED
816,NSW004585_STR_1,NSW,C (Medium),POLE CONCRETE,40.0,NOT PAINTED
817,NSW004590_STR_1,NSW,C (Medium),POLE CONCRETE,26.0,NOT PAINTED
818,NSW004593_STR_1,NSW,B (Low),POLE CONCRETE,40.0,NOT PAINTED
819,NSW004610_STR_1,NSW,C (Medium),POLE CONCRETE,40.0,NOT PAINTED
820,NSW004611_STR_1,NSW,B (Low),POLE CONCRETE,40.0,NOT PAINTED
821,NSW004614_STR_1,NSW,B (Low),POLE CONCRETE,30.0,ENVIRONMENT / AESTHETIC
822,NSW004620_STR_1,NSW,B (Low),POLE CONCRETE,30.0,NOT PAINTED
823,NSW004633_STR_1,NSW,B (Low),POLE CONCRETE,30.0,NOT PAINTED
824,NSW004634_STR_1,NSW,C (Medium),POLE CONCRETE,30.0,NOT PAINTED
825,NSW004635_STR_1,NSW,C (Medium),POLE CONCRETE,25.0,ENVIRONMENT / AESTHETIC
826,NSW004637_STR_1,NSW,B (Low),POLE CONCRETE,40.0,NOT PAINTED
827,NSW004638_STR_1,NSW,B (Low),POLE CONCRETE,40.0,NOT PAINTED
828,NSW004639_STR_1,NSW,B (Low),POLE CONCRETE,40.0,NOT PAINTED
829,NSW004640_STR_1,NSW,B (Low),POLE CONCRETE,40.0,NOT PAINTED
830,NSW004641_STR_1,NSW,C (Medium),POLE CONCRETE,40.0,NOT PAINTED
831,NSW004646_STR_1,NSW,C (Medium),POLE CONCRETE,20.0,PROTECTION
832,NSW004649_STR_1,NSW,C (Medium),POLE CONCRETE,40.0,NOT PAINTED
833,NSW004668_STR_1,NSW,B (Low),POLE CONCRETE,30.0,ENVIRONMENT / AESTHETIC
834,NSW004672_STR_1,NSW,B (Low),POLE CONCRETE,40.0,NOT PAINTED
835,NSW004673_STR_1,NSW,B (Low),POLE CONCRETE,30.0,NOT PAINTED
836,NSW004674_STR_1,NSW,C (Medium),POLE CONCRETE,40.0,NOT PAINTED
837,NSW004678_STR_1,NSW,B (Low),MAST GUYED,72.0,NOT PAINTED
838,NSW004680_STR_1,NSW,C (Medium),POLE CONCRETE,35.0,NOT PAINTED
839,NSW004681_STR_1,NSW,C (Medium),POLE CONCRETE,40.0,NOT PAINTED
840,NSW004691_STR_1,NSW,A (Very Low),POLE CONCRETE,30.0,NOT PAINTED
841,NSW004693_STR_1,NSW,C (Medium),POLE TIMBER,15.9,NOT PAINTED
842,NSW004697_STR_1,NSW,B (Low),POLE STEEL,25.0,NOT PAINTED
843,NSW004701_STR_1,NSW,B (Low),POLE CONCRETE,40.0,NOT PAINTED
844,NSW004703_STR_1,NSW,C (Medium),POLE CONCRETE,30.0,NOT PAINTED
845,NSW004704_STR_1,NSW,C (Medium),TOWER STEEL,45.0,NOT PAINTED
846,NSW004708_STR_1,NSW,B (Low),TOWER STEEL,50.0,NOT PAINTED
847,NSW004710_STR_1,NSW,B (Low),POLE CONCRETE,40.0,NOT PAINTED
848,NSW004738_STR_1,NSW,B (Low),TOWER STEEL,40.0,NOT PAINTED
849,NSW004739_STR_1,NSW,B (Low),TOWER STEEL,40.0,NOT PAINTED
850,NSW004740_STR_1,NSW,B (Low),TOWER STEEL,50.0,NOT PAINTED
851,NSW004741_STR_1,NSW,B (Low),POLE CONCRETE,40.0,NOT PAINTED
852,NSW004742_STR_1,NSW,B (Low),POLE CONCRETE,25.0,NOT PAINTED
853,NSW004743_STR_1,NSW,B (Low),POLE CONCRETE,40.0,NOT PAINTED
854,NSW004744_STR_1,NSW,B (Low),TOWER STEEL,40.0,NOT PAINTED
855,NSW004745_STR_1,NSW,B (Low),POLE CONCRETE,30.0,NOT PAINTED
856,NSW004746_STR_1,NSW,C (Medium),POLE CONCRETE,30.0,NOT PAINTED
857,NSW004749_STR_1,NSW,B (Low),POLE CONCRETE,35.0,NOT PAINTED
858,NSW004797_STR_1,NSW,B (Low),MAST FREE STANDING,15.0,NOT PAINTED
859,NSW004797_STR_2,NSW,B (Low),MAST GUYED,60.0,NOT PAINTED
860,NSW005462_STR_1,NSW,B (Low),MAST FREE STANDING,8.0,NOT PAINTED
861,NSW005463_STR_1,NSW,B (Low),POLE STEEL,10.0,NOT PAINTED
862,NSW005644_STR_1,NSW,B (Low),TOWER STEEL,35.0,NOT PAINTED
863,NSW005683_STR_1,NSW,B (Low),POLE CONCRETE,15.0,NOT PAINTED
864,NSW005683_STR_3,NSW,B (Low),TOWER STEEL,50.0,
865,NSW005860_STR_1,NSW,C (Medium),POLE STEEL,25.0,NOT PAINTED
866,NSW005873_STR_1,NSW,B (Low),MAST GUYED,50.0,NOT PAINTED
867,NSW005971_STR_1,NSW,B (Low),POLE STEEL,20.0,NOT PAINTED
868,NSW005978_STR_1,NSW,E (Very High),POLE STEEL,20.0,NOT PAINTED
869,NSW006095_STR_1,NSW,B (Low),POLE STEEL,30.0,NOT PAINTED
870,NSW006112_STR_1,NSW,B (Low),POLE CONCRETE,30.0,ENVIRONMENT / AESTHETIC
871,NSW006113_STR_1,NSW,C (Medium),POLE CONCRETE,30.0,NOT PAINTED
872,NSW006117_STR_1,NSW,C (Medium),POLE CONCRETE,30.0,NOT PAINTED
873,NSW006121_STR_1,NSW,B (Low),POLE CONCRETE,30.0,NOT PAINTED
874,NSW006123_STR_1,NSW,C (Medium),POLE CONCRETE,35.0,PROTECTION
875,NSW006133_STR_1,NSW,C (Medium),POLE TIMBER,7.0,NOT PAINTED
876,NSW006154_STR_1,NSW,A (Very Low),TOWER STEEL,20.48,NOT PAINTED
877,NSW006156_STR_1,NSW,C (Medium),POLE STEEL,35.0,NOT PAINTED
878,NSW006158_STR_1,NSW,B (Low),POLE CONCRETE,35.0,
879,NSW006167_STR_1,NSW,B (Low),POLE CONCRETE,30.0,NOT PAINTED
880,NSW006187_STR_1,NSW,C (Medium),TOWER STEEL,15.49,NOT PAINTED
881,NSW006190_STR_1,NSW,C (Medium),POLE STEEL,20.0,NOT PAINTED
882,NSW006191_STR_1,NSW,,POLE STEEL,30.0,
883,NSW006192_STR_1,NSW,C (Medium),POLE STEEL,30.0,NOT PAINTED
884,NSW006193_STR_1,NSW,C (Medium),POLE STEEL,15.0,NOT PAINTED
885,NSW006194_STR_1,NSW,C (Medium),POLE STEEL,15.0,NOT PAINTED
886,NSW006195_STR_1,NSW,C (Medium),POLE STEEL,15.0,NOT PAINTED
887,NSW006196_STR_1,NSW,C (Medium),POLE STEEL,15.0,NOT PAINTED
888,NSW006197_STR_1,NSW,C (Medium),POLE STEEL,15.0,NOT PAINTED
889,NSW006199_STR_1,NSW,C (Medium),POLE STEEL,15.0,NOT PAINTED
890,NSW006200_STR_1,NSW,C (Medium),MAST FREE STANDING,15.0,NOT PAINTED
891,NSW006201_STR_1,NSW,C (Medium),POLE STEEL,30.0,NOT PAINTED
892,NSW006202_STR_1,NSW,C (Medium),TOWER STEEL,15.2,NOT PAINTED
893,NSW006203_STR_1,NSW,C (Medium),POLE STEEL,25.0,NOT PAINTED
894,NSW006206_STR_1,NSW,C (Medium),TOWER STEEL,15.0,NOT PAINTED
895,NSW006207_STR_1,NSW,C (Medium),POLE STEEL,15.0,NOT PAINTED
896,NSW006208_STR_1,NSW,C (Medium),TOWER STEEL,22.9,AVIATION
897,NSW006208_STR_2,NSW,C (Medium),TOWER STEEL,22.9,AVIATION
898,NSW006208_STR_3,NSW,C (Medium),TOWER STEEL,22.9,AVIATION
899,NSW006218_STR_1,NSW,C (Medium),POLE STEEL,25.0,NOT PAINTED
900,NSW006220_STR_1,NSW,C (Medium),POLE STEEL,20.0,NOT PAINTED
901,NSW006221_STR_1,NSW,C (Medium),POLE CONCRETE,40.0,NOT PAINTED
902,NSW006225_STR_1,NSW,C (Medium),POLE STEEL,30.0,NOT PAINTED
903,NSW006232_STR_1,NSW,C (Medium),POLE STEEL,30.0,NOT PAINTED
904,NSW006233_STR_1,NSW,C (Medium),POLE STEEL,15.0,NOT PAINTED
905,NSW006242_STR_1,NSW,C (Medium),POLE STEEL,20.0,NOT PAINTED
906,NSW006243_STR_1,NSW,B (Low),POLE STEEL,20.0,NOT PAINTED
907,NSW006244_STR_1,NSW,A (Very Low),POLE STEEL,20.0,NOT PAINTED
908,NSW006245_STR_1,NSW,A (Very Low),POLE STEEL,20.0,NOT PAINTED
909,NSW006246_STR_1,NSW,A (Very Low),POLE STEEL,20.0,NOT PAINTED
910,NSW006247_STR_1,NSW,B (Low),POLE STEEL,20.0,NOT PAINTED
911,NSW006257_STR_1,NSW,B (Low),POLE STEEL,20.0,NOT PAINTED
912,NSW006258_STR_1,NSW,B (Low),POLE STEEL,20.0,NOT PAINTED
913,NSW006259_STR_1,NSW,B (Low),POLE STEEL,20.0,NOT PAINTED
914,NSW006260_STR_1,NSW,B (Low),POLE STEEL,20.0,NOT PAINTED
915,NSW006262_STR_1,NSW,B (Low),POLE STEEL,35.0,NOT PAINTED
916,NSW006263_STR_1,NSW,B (Low),POLE STEEL,20.0,NOT PAINTED
917,NSW006264_STR_1,NSW,B (Low),POLE STEEL,20.0,NOT PAINTED
918,NSW006298_STR_1,NSW,B (Low),TOWER STEEL,30.5,NOT PAINTED
919,NSW006300_STR_1,NSW,C (Medium),MAST FREE STANDING,15.0,NOT PAINTED
920,NSW006303_STR_1,NSW,C (Medium),POLE STEEL,20.0,NOT PAINTED
921,NSW006305_STR_1,NSW,C (Medium),POLE CONCRETE,40.0,NOT PAINTED
922,NSW006332_STR_1,NSW,C (Medium),POLE CONCRETE,30.0,
923,NSW006339_STR_1,NSW,C (Medium),POLE CONCRETE,30.0,NOT PAINTED
924,NSW006340_STR_1,NSW,C (Medium),POLE STEEL,20.5,NOT PAINTED
925,NSW006341_STR_1,NSW,E (Very High),POLE CONCRETE,30.0,NOT PAINTED
926,NSW006343_STR_1,NSW,B (Low),MAST GUYED,30.0,NOT PAINTED
927,NSW006344_STR_1,NSW,B (Low),MAST FREE STANDING,15.0,NOT PAINTED
928,NSW006344_STR_2,NSW,,,40.0,
929,NSW006345_STR_1,NSW,B (Low),TOWER STEEL,30.0,NOT PAINTED
930,NSW006345_STR_2,NSW,B (Low),MAST GUYED,81.0,NOT PAINTED
931,NSW006346_STR_1,NSW,C (Medium),POLE STEEL,30.0,NOT PAINTED
932,NSW006347_STR_1,NSW,C (Medium),POLE STEEL,40.0,ENVIRONMENT / AESTHETIC
933,NSW006348_STR_1,NSW,B (Low),MAST GUYED,100.0,AVIATION
934,NSW006349_STR_1,NSW,B (Low),POLE CONCRETE,16.0,NOT PAINTED
935,NSW006350_STR_1,NSW,B (Low),TOWER STEEL,38.0,NOT PAINTED
936,NSW006351_STR_1,NSW,C (Medium),POLE STEEL,30.0,NOT PAINTED
937,NSW006352_STR_1,NSW,C (Medium),TOWER STEEL,15.0,NOT PAINTED
938,NSW006353_STR_1,NSW,C (Medium),POLE CONCRETE,20.3,ENVIRONMENT / AESTHETIC
939,NSW006354_STR_1,NSW,C (Medium),POLE STEEL,40.0,ENVIRONMENT / AESTHETIC
940,NSW006355_STR_1,NSW,B (Low),TOWER STEEL,22.9,AVIATION
941,NSW006356_STR_1,NSW,B (Low),MAST FREE STANDING,9.2,NOT PAINTED
942,NSW006356_STR_2,NSW,B (Low),POLE TIMBER,9.2,NOT PAINTED
943,NSW006357_STR_1,NSW,C (Medium),POLE STEEL,25.0,NOT PAINTED
944,NSW006358_STR_1,NSW,C (Medium),BUILDING EXTERNAL,34.7,NOT PAINTED
945,NSW006359_STR_1,NSW,C (Medium),BUILDING EXTERNAL,10.0,NOT PAINTED
946,NSW006360_STR_1,NSW,A (Very Low),POLE TIMBER,12.0,NOT PAINTED
947,NSW006360_STR_2,NSW,A (Very Low),POLE CONCRETE,25.0,NOT PAINTED
948,NSW006361_STR_1,NSW,C (Medium),POLE STEEL,25.0,NOT PAINTED
949,NSW006362_STR_1,NSW,C (Medium),POLE STEEL,25.0,NOT PAINTED
950,NSW006363_STR_1,NSW,C (Medium),POLE STEEL,30.0,NOT PAINTED
951,NSW006364_STR_1,NSW,C (Medium),BUILDING EXTERNAL,20.0,NOT PAINTED
952,NSW006365_STR_1,NSW,C (Medium),BUILDING EXTERNAL,30.6,NOT PAINTED
953,NSW006366_STR_1,NSW,B (Low),TOWER STEEL,34.1,AVIATION
954,NSW006367_STR_1,NSW,B (Low),MAST GUYED,100.0,AVIATION
955,NSW006368_STR_1,NSW,C (Medium),POLE STEEL,40.0,ENVIRONMENT / AESTHETIC
956,NSW006369_STR_1,NSW,C (Medium),POLE STEEL,20.0,NOT PAINTED
957,NSW006369_STR_2,NSW,C (Medium),POLE TIMBER,15.0,NOT PAINTED
958,NSW006370_STR_1,NSW,B (Low),TOWER STEEL,30.0,NOT PAINTED
959,NSW006371_STR_1,NSW,C (Medium),TOWER STEEL,50.0,NOT PAINTED
960,NSW006372_STR_1,NSW,B (Low),TOWER STEEL,45.7,NOT PAINTED
961,NSW006372_STR_2,NSW,B (Low),TRIAD STEEL,9.0,NOT PAINTED
962,NSW006373_STR_1,NSW,C (Medium),TOWER STEEL,41.0,NOT PAINTED
963,NSW006374_STR_1,NSW,B (Low),TOWER STEEL,50.0,NOT PAINTED
964,NSW006375_STR_1,NSW,B (Low),POLE STEEL,30.0,NOT PAINTED
965,NSW006376_STR_1,NSW,C (Medium),TOWER STEEL,45.7,PROTECTION
966,NSW006376_STR_2,NSW,C (Medium),TOWER STEEL,55.3,PROTECTION
967,NSW006377_STR_1,NSW,B (Low),TOWER STEEL,76.2,NOT PAINTED
968,NSW006378_STR_1,NSW,B (Low),TOWER STEEL,45.7,AVIATION
969,NSW006379_STR_1,NSW,B (Low),TOWER STEEL,45.7,NOT PAINTED
970,NSW006380_STR_1,NSW,C (Medium),POLE STEEL,30.0,NOT PAINTED
971,NSW006381_STR_1,NSW,B (Low),POLE TIMBER,13.0,NOT PAINTED
972,NSW006382_STR_1,NSW,B (Low),TOWER STEEL,45.7,NOT PAINTED
973,NSW006383_STR_1,NSW,B (Low),TOWER STEEL,53.34,NOT PAINTED
974,NSW006384_STR_1,NSW,C (Medium),POLE CONCRETE,30.0,NOT PAINTED
975,NSW006385_STR_1,NSW,B (Low),TOWER STEEL,22.0,NOT PAINTED
976,NSW006386_STR_1,NSW,B (Low),TOWER STEEL,50.0,NOT PAINTED
977,NSW006387_STR_1,NSW,C (Medium),POLE STEEL,30.0,NOT PAINTED
978,NSW006389_STR_1,NSW,C (Medium),TOWER STEEL,50.0,NOT PAINTED
979,NSW006390_STR_1,NSW,B (Low),TOWER STEEL,50.0,AVIATION
980,NSW006391_STR_1,NSW,B (Low),TOWER STEEL,61.0,NOT PAINTED
981,NSW006392_STR_1,NSW,B (Low),MAST GUYED,70.0,AVIATION
982,NSW006393_STR_1,NSW,B (Low),POLE CONCRETE,20.0,NOT PAINTED
983,NSW006395_STR_1,NSW,B (Low),POLE STEEL,25.0,NOT PAINTED
984,NSW006395_STR_2,NSW,B (Low),BUILDING EXTERNAL,2.3,
985,NSW006396_STR_1,NSW,B (Low),POLE CONCRETE,30.0,NOT PAINTED
986,NSW006396_STR_2,NSW,B (Low),POLE CONCRETE,35.0,NOT PAINTED
987,NSW006397_STR_1,NSW,B (Low),TOWER STEEL,45.7,AVIATION
988,NSW006398_STR_1,NSW,B (Low),TOWER STEEL,30.0,NOT PAINTED
989,NSW006399_STR_1,NSW,B (Low),MAST FREE STANDING,13.5,NOT PAINTED
990,NSW006399_STR_2,NSW,B (Low),POLE TIMBER,10.0,NOT PAINTED
991,NSW006400_STR_1,NSW,C (Medium),POLE STEEL,25.0,NOT PAINTED
992,NSW006401_STR_1,NSW,C (Medium),POLE STEEL,30.0,NOT PAINTED
993,NSW006402_STR_1,NSW,C (Medium),TOWER STEEL,68.58,AVIATION
994,NSW006403_STR_1,NSW,C (Medium),POLE STEEL,25.0,NOT PAINTED
995,NSW006405_STR_1,NSW,B (Low),TOWER STEEL,30.0,NOT PAINTED
996,NSW006406_STR_1,NSW,B (Low),TOWER STEEL,50.0,NOT PAINTED
997,NSW006407_STR_1,NSW,B (Low),POLE STEEL,30.0,NOT PAINTED
998,NSW006408_STR_1,NSW,B (Low),MAST GUYED,100.0,AVIATION
999,NSW006409_STR_1,NSW,B (Low),TOWER STEEL,22.7,AVIATION
1000,NSW006409_STR_2,NSW,B (Low),TOWER STEEL,24.6,AVIATION
1001,NSW006410_STR_1,NSW,B (Low),MAST FREE STANDING,15.0,NOT PAINTED
1002,NSW006411_STR_1,NSW,C (Medium),TOWER STEEL,15.25,NOT PAINTED
1003,NSW006412_STR_1,NSW,C (Medium),TOWER STEEL,50.0,NOT PAINTED
1004,NSW006413_STR_1,NSW,B (Low),TOWER STEEL,50.0,NOT PAINTED
1005,NSW006414_STR_1,NSW,B (Low),MAST GUYED,150.0,AVIATION
1006,NSW006417_STR_1,NSW,B (Low),TOWER STEEL,30.5,NOT PAINTED
1007,NSW006418_STR_1,NSW,B (Low),TOWER STEEL,68.58,NOT PAINTED
1008,NSW006419_STR_1,NSW,C (Medium),POLE STEEL,20.0,NOT PAINTED
1009,NSW006420_STR_1,NSW,B (Low),TOWER STEEL,26.1,NOT PAINTED
1010,NSW006421_STR_1,NSW,B (Low),POLE CONCRETE,30.0,NOT PAINTED
1011,NSW006422_STR_1,NSW,C (Medium),POLE STEEL,20.0,NOT PAINTED
1012,NSW006423_STR_1,NSW,C (Medium),MAST FREE STANDING,10.5,NOT PAINTED
1013,NSW006424_STR_1,NSW,B (Low),MAST FREE STANDING,20.0,NOT PAINTED
1014,NSW006425_STR_1,NSW,C (Medium),POLE STEEL,30.0,NOT PAINTED
1015,NSW006426_STR_1,NSW,A (Very Low),POLE STEEL,20.0,ENVIRONMENT / AESTHETIC
1016,NSW006428_STR_1,NSW,B (Low),TOWER STEEL,38.1,NOT PAINTED
1017,NSW006429_STR_1,NSW,B (Low),TOWER STEEL,30.0,NOT PAINTED
1018,NSW006430_STR_1,NSW,C (Medium),TOWER STEEL,61.0,ENVIRONMENT / AESTHETIC
1019,NSW006431_STR_1,NSW,B (Low),POLE TIMBER,12.4,NOT PAINTED
1020,NSW006431_STR_2,NSW,B (Low),POLE CONCRETE,12.0,
1021,NSW006432_STR_1,NSW,B (Low),TOWER STEEL,68.6,NOT PAINTED
1022,NSW006433_STR_1,NSW,A (Very Low),TOWER STEEL,20.0,NOT PAINTED
1023,NSW006434_STR_1,NSW,C (Medium),POLE STEEL,30.0,NOT PAINTED
1024,NSW006435_STR_1,NSW,C (Medium),MAST GUYED,100.0,AVIATION
1025,NSW006436_STR_1,NSW,B (Low),POLE TIMBER,20.0,NOT PAINTED
1026,NSW006436_STR_2,NSW,B (Low),POLE CONCRETE,40.0,NOT PAINTED
1027,NSW006437_STR_1,NSW,B (Low),POLE CONCRETE,30.0,NOT PAINTED
1028,NSW006438_STR_1,NSW,B (Low),TOWER STEEL,50.0,NOT PAINTED
1029,NSW006439_STR_1,NSW,B (Low),TOWER STEEL,30.5,NOT PAINTED
1030,NSW006440_STR_1,NSW,B (Low),TOWER STEEL,50.0,NOT PAINTED
1031,NSW006441_STR_1,NSW,C (Medium),POLE STEEL,30.0,NOT PAINTED
1032,NSW006442_STR_1,NSW,C (Medium),POLE STEEL,20.0,NOT PAINTED
1033,NSW006443_STR_1,NSW,C (Medium),POLE STEEL,25.0,NOT PAINTED
1034,NSW006444_STR_1,NSW,C (Medium),POLE STEEL,30.0,NOT PAINTED
1035,NSW006445_STR_1,NSW,C (Medium),POLE STEEL,30.0,NOT PAINTED
1036,NSW006446_STR_1,NSW,B (Low),POLE STEEL,15.0,NOT PAINTED
1037,NSW006448_STR_1,NSW,B (Low),MAST FREE STANDING,18.0,NOT PAINTED
1038,NSW006450_STR_1,NSW,C (Medium),POLE STEEL,10.0,NOT PAINTED
1039,NSW006451_STR_1,NSW,B (Low),TOWER STEEL,45.7,NOT PAINTED
1040,NSW006452_STR_1,NSW,B (Low),BUILDING EXTERNAL,6.0,NOT PAINTED
1041,NSW006453_STR_1,NSW,B (Low),TOWER STEEL,38.1,AVIATION
1042,NSW006454_STR_1,NSW,C (Medium),POLE STEEL,25.0,NOT PAINTED
1043,NSW006455_STR_1,NSW,B (Low),TOWER STEEL,45.7,AVIATION
1044,NSW006456_STR_1,NSW,B (Low),TOWER STEEL,30.0,NOT PAINTED
1045,NSW006457_STR_1,NSW,B (Low),TOWER STEEL,45.72,NOT PAINTED
1046,NSW006458_STR_1,NSW,B (Low),TOWER STEEL,45.7,NOT PAINTED
1047,NSW006459_STR_1,NSW,C (Medium),POLE CONCRETE,20.0,NOT PAINTED
1048,NSW006460_STR_1,NSW,B (Low),TOWER STEEL,68.58,NOT PAINTED
1049,NSW006461_STR_1,NSW,B (Low),TOWER STEEL,50.0,NOT PAINTED
1050,NSW006462_STR_1,NSW,C (Medium),TOWER STEEL,63.0,NOT PAINTED
1051,NSW006463_STR_1,NSW,C (Medium),TOWER STEEL,30.48,ENVIRONMENT / AESTHETIC
1052,NSW006464_STR_1,NSW,B (Low),TOWER STEEL,91.4,AVIATION
1053,NSW006465_STR_1,NSW,C (Medium),POLE STEEL,20.0,NOT PAINTED
1054,NSW006466_STR_1,NSW,C (Medium),TOWER STEEL,30.0,NOT PAINTED
1055,NSW006467_STR_1,NSW,C (Medium),POLE STEEL,30.0,NOT PAINTED
1056,NSW006468_STR_1,NSW,B (Low),TOWER STEEL,33.0,NOT PAINTED
1057,NSW006469_STR_1,NSW,B (Low),MAST GUYED,100.0,AVIATION
1058,NSW006470_STR_1,NSW,C (Medium),POLE STEEL,20.0,NOT PAINTED
1059,NSW006471_STR_1,NSW,C (Medium),TOWER STEEL,40.0,NOT PAINTED
1060,NSW006472_STR_1,NSW,C (Medium),POLE STEEL,20.0,NOT PAINTED
1061,NSW006473_STR_1,NSW,B (Low),MAST FREE STANDING,15.0,NOT PAINTED
1062,NSW006474_STR_1,NSW,C (Medium),POLE STEEL,20.0,ENVIRONMENT / AESTHETIC
1063,NSW006475_STR_1,NSW,C (Medium),POLE STEEL,20.0,NOT PAINTED
1064,NSW006476_STR_1,NSW,B (Low),MAST FREE STANDING,18.0,NOT PAINTED
1065,NSW006477_STR_1,NSW,B (Low),MAST FREE STANDING,9.0,NOT PAINTED
1066,NSW006478_STR_1,NSW,C (Medium),BUILDING EXTERNAL,22.2,ENVIRONMENT / AESTHETIC
1067,NSW006479_STR_1,NSW,B (Low),TOWER STEEL,38.1,NOT PAINTED
1068,NSW006479_STR_2,NSW,B (Low),TOWER STEEL,22.86,NOT PAINTED
1069,NSW006480_STR_1,NSW,C (Medium),POLE STEEL,25.0,NOT PAINTED
1070,NSW006481_STR_1,NSW,B (Low),POLE STEEL,25.0,NOT PAINTED
1071,NSW006482_STR_1,NSW,C (Medium),TOWER STEEL,30.0,NOT PAINTED
1072,NSW006483_STR_1,NSW,B (Low),TOWER STEEL,22.9,NOT PAINTED
1073,NSW006484_STR_1,NSW,B (Low),TOWER STEEL,55.0,NOT PAINTED
1074,NSW006485_STR_1,NSW,B (Low),POLE TIMBER,7.0,NOT PAINTED
1075,NSW006485_STR_2,NSW,B (Low),POLE TIMBER,7.0,NOT PAINTED
1076,NSW006485_STR_3,NSW,B (Low),POLE STEEL,11.6,NOT PAINTED
1077,NSW006485_STR_4,NSW,B (Low),UNKNOWN,5.0,NOT PAINTED
1078,NSW006486_STR_1,NSW,B (Low),TOWER STEEL,69.0,AVIATION
1079,NSW006487_STR_1,NSW,A (Very Low),TOWER STEEL,40.0,NOT PAINTED
1080,NSW006488_STR_1,NSW,B (Low),TOWER STEEL,45.7,ENVIRONMENT / AESTHETIC
1081,NSW006489_STR_1,NSW,B (Low),TOWER STEEL,76.2,NOT PAINTED
1082,NSW006490_STR_1,NSW,B (Low),MAST GUYED,100.0,AVIATION
1083,NSW006491_STR_1,NSW,B (Low),TOWER STEEL,38.1,NOT PAINTED
1084,NSW006492_STR_1,NSW,B (Low),TOWER STEEL,91.4,NOT PAINTED
1085,NSW006493_STR_1,NSW,B (Low),MAST GUYED,100.0,AVIATION
1086,NSW006494_STR_1,NSW,B (Low),TOWER STEEL,38.1,NOT PAINTED
1087,NSW006494_STR_2,NSW,B (Low),TOWER STEEL,22.9,NOT PAINTED
1088,NSW006495_STR_1,NSW,B (Low),MAST GUYED,70.0,NOT PAINTED
1089,NSW006496_STR_1,NSW,B (Low),TOWER STEEL,45.7,NOT PAINTED
1090,NSW006497_STR_1,NSW,C (Medium),POLE STEEL,30.0,NOT PAINTED
1091,NSW006498_STR_1,NSW,B (Low),TOWER STEEL,61.0,NOT PAINTED
1092,NSW006499_STR_1,NSW,C (Medium),POLE CONCRETE,30.0,NOT PAINTED
1093,NSW006500_STR_1,NSW,C (Medium),POLE CONCRETE,18.0,NOT PAINTED
1094,NSW006501_STR_1,NSW,C (Medium),BUILDING EXTERNAL,22.5,NOT PAINTED
1095,NSW006502_STR_1,NSW,C (Medium),POLE STEEL,25.0,NOT PAINTED
1096,NSW006503_STR_1,NSW,C (Medium),POLE STEEL,25.0,NOT PAINTED
1097,NSW006504_STR_1,NSW,B (Low),TOWER STEEL,38.0,AVIATION
1098,NSW006505_STR_1,NSW,B (Low),TOWER STEEL,30.5,NOT PAINTED
1099,NSW006506_STR_1,NSW,B (Low),POLE TIMBER,8.0,NOT PAINTED
1100,NSW006507_STR_1,NSW,B (Low),MAST GUYED,100.0,NOT PAINTED
1101,NSW006508_STR_1,NSW,B (Low),TOWER STEEL,30.48,AVIATION
1102,NSW006509_STR_1,NSW,C (Medium),POLE CONCRETE,20.0,NOT PAINTED
1103,NSW006510_STR_1,NSW,C (Medium),TOWER STEEL,33.43,NOT PAINTED
1104,NSW006511_STR_1,NSW,C (Medium),POLE STEEL,30.0,NOT PAINTED
1105,NSW006512_STR_1,NSW,B (Low),TOWER STEEL,50.0,NOT PAINTED
1106,NSW006513_STR_1,NSW,B (Low),MAST GUYED,70.0,NOT PAINTED
1107,NSW006514_STR_1,NSW,B (Low),MAST FREE STANDING,15.0,NOT PAINTED
1108,NSW006516_STR_1,NSW,C (Medium),TOWER STEEL,50.0,AVIATION
1109,NSW006517_STR_1,NSW,C (Medium),TOWER STEEL,15.2,NOT PAINTED
1110,NSW006518_STR_1,NSW,C (Medium),BUILDING EXTERNAL,16.0,NOT PAINTED
1111,NSW006519_STR_1,NSW,B (Low),TOWER STEEL,45.7,NOT PAINTED
1112,NSW006520_STR_1,NSW,B (Low),POLE STEEL,25.0,NOT PAINTED
1113,NSW006520_STR_2,NSW,B (Low),BUILDING EXTERNAL,5.0,NOT PAINTED
1114,NSW006522_STR_1,NSW,B (Low),TRIAD STEEL,9.0,NOT PAINTED
1115,NSW006523_STR_1,NSW,B (Low),TOWER STEEL,45.72,NOT PAINTED
1116,NSW006524_STR_1,NSW,B (Low),POLE CONCRETE,30.0,NOT PAINTED
1117,NSW006525_STR_1,NSW,C (Medium),POLE STEEL,30.0,NOT PAINTED
1118,NSW006526_STR_1,NSW,B (Low),POLE CONCRETE,20.0,NOT PAINTED
1119,NSW006526_STR_2,NSW,B (Low),MAST GUYED,21.0,NOT PAINTED
1120,NSW006526_STR_3,NSW,B (Low),TRIAD STEEL,5.0,NOT PAINTED
1121,NSW006526_STR_4,NSW,B (Low),TRIAD STEEL,9.0,NOT PAINTED
1122,NSW006527_STR_1,NSW,B (Low),TOWER STEEL,22.9,NOT PAINTED
1123,NSW006528_STR_1,NSW,B (Low),POLE STEEL,30.0,NOT PAINTED
1124,NSW006529_STR_1,NSW,E (Very High),POLE CONCRETE,20.0,NOT PAINTED
1125,NSW006530_STR_1,NSW,B (Low),TOWER STEEL,30.0,NOT PAINTED
1126,NSW006531_STR_1,NSW,B (Low),POLE TIMBER,15.0,NOT PAINTED
1127,NSW006531_STR_2,NSW,B (Low),MAST FREE STANDING,9.0,NOT PAINTED
1128,NSW006532_STR_1,NSW,B (Low),MAST FREE STANDING,18.0,NOT PAINTED
1129,NSW006533_STR_1,NSW,B (Low),MAST FREE STANDING,13.5,NOT PAINTED
1130,NSW006534_STR_1,NSW,B (Low),TOWER STEEL,60.3,NOT PAINTED
1131,NSW006535_STR_1,NSW,C (Medium),TOWER STEEL,53.3,NOT PAINTED
1132,NSW006536_STR_1,NSW,C (Medium),POLE STEEL,20.0,NOT PAINTED
1133,NSW006537_STR_1,NSW,C (Medium),POLE STEEL,20.0,NOT PAINTED
1134,NSW006538_STR_1,NSW,E (Very High),BUILDING EXTERNAL,12.0,NOT PAINTED
1135,NSW006539_STR_1,NSW,B (Low),TOWER STEEL,45.0,AVIATION
1136,NSW006540_STR_1,NSW,C (Medium),BUILDING EXTERNAL,19.0,ENVIRONMENT / AESTHETIC
1137,NSW006541_STR_1,NSW,C (Medium),POLE STEEL,23.0,ENVIRONMENT / AESTHETIC
1138,NSW006542_STR_1,NSW,C (Medium),POLE STEEL,20.0,ENVIRONMENT / AESTHETIC
1139,NSW006543_STR_1,NSW,B (Low),MAST GUYED,27.7,NOT PAINTED
1140,NSW006544_STR_1,NSW,C (Medium),TOWER STEEL,53.34,AVIATION
1141,NSW006545_STR_1,NSW,C (Medium),TOWER STEEL,8.0,NOT PAINTED
1142,NSW006546_STR_1,NSW,C (Medium),POLE CONCRETE,20.0,NOT PAINTED
1143,NSW006547_STR_1,NSW,B (Low),MAST FREE STANDING,10.0,NOT PAINTED
1144,NSW006548_STR_1,NSW,C (Medium),TOWER STEEL,76.0,NOT PAINTED
1145,NSW006549_STR_1,NSW,C (Medium),POLE STEEL,30.0,NOT PAINTED
1146,NSW006550_STR_1,NSW,A (Very Low),TOWER STEEL,25.0,AVIATION
1147,NSW006551_STR_1,NSW,C (Medium),TOWER STEEL,30.0,NOT PAINTED
1148,NSW006552_STR_1,NSW,A (Very Low),TOWER STEEL,38.1,ENVIRONMENT / AESTHETIC
1149,NSW006553_STR_1,NSW,B (Low),MAST GUYED,19.3,NOT PAINTED
1150,NSW006554_STR_1,NSW,B (Low),MAST FREE STANDING,12.8,NOT PAINTED
1151,NSW006555_STR_1,NSW,C (Medium),POLE STEEL,30.0,NOT PAINTED
1152,NSW006556_STR_1,NSW,B (Low),MAST FREE STANDING,19.0,NOT PAINTED
1153,NSW006557_STR_1,NSW,C (Medium),TOWER STEEL,20.0,NOT PAINTED
1154,NSW006558_STR_1,NSW,B (Low),POLE STEEL,6.0,NOT PAINTED
1155,NSW006559_STR_1,NSW,B (Low),MAST FREE STANDING,10.0,NOT PAINTED
1156,NSW006560_STR_1,NSW,B (Low),MAST FREE STANDING,9.0,NOT PAINTED
1157,NSW006561_STR_1,NSW,C (Medium),POLE STEEL,14.0,NOT PAINTED
1158,NSW006562_STR_1,NSW,B (Low),POLE STEEL,18.8,NOT PAINTED
1159,NSW006563_STR_1,NSW,B (Low),TOWER STEEL,46.0,NOT PAINTED
1160,NSW006564_STR_1,NSW,E (Very High),POLE STEEL,20.0,NOT PAINTED
1161,NSW006565_STR_1,NSW,C (Medium),BUILDING EXTERNAL,25.0,NOT PAINTED
1162,NSW006566_STR_1,NSW,B (Low),POLE CONCRETE,30.0,NOT PAINTED
1163,NSW006567_STR_1,NSW,B (Low),TOWER STEEL,45.5,NOT PAINTED
1164,NSW006568_STR_1,NSW,B (Low),TOWER STEEL,30.0,NOT PAINTED
1165,NSW006569_STR_1,NSW,C (Medium),BUILDING EXTERNAL,35.0,AVIATION
1166,NSW006570_STR_1,NSW,B (Low),MAST FREE STANDING,18.0,NOT PAINTED
1167,NSW006571_STR_1,NSW,B (Low),TOWER STEEL,76.0,NOT PAINTED
1168,NSW006572_STR_1,NSW,C (Medium),POLE STEEL,30.0,NOT PAINTED
1169,NSW006573_STR_1,NSW,B (Low),MAST GUYED,120.0,AVIATION
1170,NSW006574_STR_1,NSW,C (Medium),POLE STEEL,25.0,NOT PAINTED
1171,NSW006575_STR_1,NSW,B (Low),MAST GUYED,100.0,AVIATION
1172,NSW006576_STR_1,NSW,B (Low),MAST GUYED,70.0,NOT PAINTED
1173,NSW006577_STR_1,NSW,B (Low),TOWER STEEL,35.0,AVIATION
1174,NSW006578_STR_1,NSW,B (Low),MAST FREE STANDING,18.0,NOT PAINTED
1175,NSW006579_STR_1,NSW,B (Low),TOWER STEEL,38.1,NOT PAINTED
1176,NSW006579_STR_2,NSW,B (Low),TOWER STEEL,45.7,NOT PAINTED
1177,NSW006580_STR_1,NSW,B (Low),TOWER STEEL,30.0,NOT PAINTED
1178,NSW006581_STR_1,NSW,C (Medium),BUILDING EXTERNAL,15.0,NOT PAINTED
1179,NSW006582_STR_1,NSW,B (Low),MAST FREE STANDING,18.0,NOT PAINTED
1180,NSW006583_STR_1,NSW,B (Low),MAST GUYED,70.0,NOT PAINTED
1181,NSW006584_STR_1,NSW,C (Medium),POLE STEEL,20.0,NOT PAINTED
1182,NSW006585_STR_1,NSW,B (Low),TOWER STEEL,76.2,NOT PAINTED
1183,NSW006586_STR_1,NSW,B (Low),TOWER STEEL,53.3,NOT PAINTED
1184,NSW006587_STR_1,NSW,B (Low),TOWER STEEL,68.6,NOT PAINTED
1185,NSW006588_STR_1,NSW,B (Low),MAST GUYED,120.0,AVIATION
1186,NSW006589_STR_1,NSW,B (Low),MAST GUYED,79.0,AVIATION
1187,NSW006590_STR_1,NSW,C (Medium),MAST GUYED,18.5,NOT PAINTED
1188,NSW006591_STR_1,NSW,C (Medium),POLE STEEL,25.0,NOT PAINTED
1189,NSW006592_STR_1,NSW,B (Low),TOWER STEEL,40.0,AVIATION
1190,NSW006593_STR_1,NSW,C (Medium),POLE STEEL,10.0,NOT PAINTED
1191,NSW006594_STR_1,NSW,B (Low),TOWER STEEL,30.48,NOT PAINTED
1192,NSW006595_STR_1,NSW,C (Medium),TOWER STEEL,15.2,NOT PAINTED
1193,NSW006596_STR_1,NSW,B (Low),TOWER STEEL,61.0,NOT PAINTED
1194,NSW006597_STR_1,NSW,B (Low),POLE STEEL,15.0,NOT PAINTED
1195,NSW006598_STR_1,NSW,C (Medium),POLE TIMBER,11.0,NOT PAINTED
1196,NSW006598_STR_2,NSW,C (Medium),POLE TIMBER,11.0,NOT PAINTED
1197,NSW006599_STR_1,NSW,C (Medium),POLE STEEL,35.0,NOT PAINTED
1198,NSW006600_STR_1,NSW,B (Low),TOWER STEEL,45.7,NOT PAINTED
1199,NSW006601_STR_1,NSW,B (Low),TOWER STEEL,38.1,NOT PAINTED
1200,NSW006602_STR_1,NSW,C (Medium),POLE STEEL,30.0,NOT PAINTED
1201,NSW006603_STR_1,NSW,C (Medium),POLE STEEL,30.0,NOT PAINTED
1202,NSW006604_STR_1,NSW,C (Medium),TOWER STEEL,32.5,NOT PAINTED
1203,NSW006605_STR_1,NSW,C (Medium),POLE STEEL,25.0,NOT PAINTED
1204,NSW006605_STR_2,NSW,C (Medium),BUILDING EXTERNAL,9.0,
1205,NSW006606_STR_1,NSW,C (Medium),TOWER STEEL,50.0,NOT PAINTED
1206,NSW006607_STR_1,NSW,B (Low),MAST FREE STANDING,9.0,NOT PAINTED
1207,NSW006608_STR_1,NSW,B (Low),POLE CONCRETE,33.0,NOT PAINTED
1208,NSW006609_STR_1,NSW,B (Low),MAST FREE STANDING,9.0,ENVIRONMENT / AESTHETIC
1209,NSW006609_STR_2,NSW,B (Low),POLE TIMBER,9.0,NOT PAINTED
1210,NSW006610_STR_1,NSW,C (Medium),POLE CONCRETE,30.0,ENVIRONMENT / AESTHETIC
1211,NSW006611_STR_1,NSW,C (Medium),POLE CONCRETE,25.0,NOT PAINTED
1212,NSW006612_STR_1,NSW,B (Low),TOWER STEEL,53.34,PROTECTION
1213,NSW006613_STR_1,NSW,C (Medium),POLE STEEL,25.0,ENVIRONMENT / AESTHETIC
1214,NSW006614_STR_1,NSW,B (Low),TOWER STEEL,45.7,NOT PAINTED
1215,NSW006616_STR_1,NSW,B (Low),TOWER STEEL,48.1,NOT PAINTED
1216,NSW006617_STR_1,NSW,C (Medium),TOWER STEEL,50.0,NOT PAINTED
1217,NSW006618_STR_1,NSW,C (Medium),POLE CONCRETE,20.0,NOT PAINTED
1218,NSW006619_STR_1,NSW,C (Medium),TOWER STEEL,20.0,NOT PAINTED
1219,NSW006620_STR_1,NSW,B (Low),TOWER STEEL,22.9,NOT PAINTED
1220,NSW006621_STR_1,NSW,C (Medium),TOWER STEEL,30.0,NOT PAINTED
1221,NSW006622_STR_1,NSW,C (Medium),TOWER STEEL,46.0,PROTECTION
1222,NSW006623_STR_1,NSW,B (Low),TOWER STEEL,30.0,NOT PAINTED
1223,NSW006624_STR_1,NSW,A (Very Low),TOWER STEEL,22.0,PROTECTION
1224,NSW006625_STR_1,NSW,B (Low),TOWER STEEL,53.3,NOT PAINTED
1225,NSW006626_STR_1,NSW,E (Very High),MAST GUYED,24.0,ENVIRONMENT / AESTHETIC
1226,NSW006626_STR_2,NSW,E (Very High),MAST GUYED,27.0,AVIATION
1227,NSW006627_STR_1,NSW,C (Medium),POLE CONCRETE,20.0,NOT PAINTED
1228,NSW006628_STR_1,NSW,B (Low),MAST GUYED,100.0,AVIATION
1229,NSW006629_STR_1,NSW,C (Medium),TOWER STEEL,30.0,NOT PAINTED
1230,NSW006630_STR_1,NSW,B (Low),TOWER STEEL,19.0,NOT PAINTED
1231,NSW006631_STR_1,NSW,C (Medium),BUILDING EXTERNAL,24.5,NOT PAINTED
1232,NSW006632_STR_1,NSW,B (Low),TOWER STEEL,30.0,NOT PAINTED
1233,NSW006633_STR_1,NSW,B (Low),TOWER STEEL,30.0,NOT PAINTED
1234,NSW006635_STR_1,NSW,B (Low),TOWER STEEL,38.0,NOT PAINTED
1235,NSW006637_STR_1,NSW,C (Medium),POLE STEEL,30.0,NOT PAINTED
1236,NSW006638_STR_1,NSW,C (Medium),POLE STEEL,30.0,NOT PAINTED
1237,NSW006639_STR_1,NSW,C (Medium),POLE STEEL,30.0,NOT PAINTED
1238,NSW006640_STR_1,NSW,C (Medium),POLE STEEL,20.0,NOT PAINTED
1239,NSW006641_STR_1,NSW,B (Low),TOWER STEEL,20.0,NOT PAINTED
1240,NSW006642_STR_1,NSW,B (Low),TOWER STEEL,30.0,NOT PAINTED
1241,NSW006643_STR_1,NSW,C (Medium),POLE STEEL,30.0,NOT PAINTED
1242,NSW006644_STR_1,NSW,B (Low),MAST FREE STANDING,9.0,NOT PAINTED
1243,NSW006645_STR_1,NSW,B (Low),TOWER STEEL,15.2,NOT PAINTED
1244,NSW006646_STR_1,NSW,C (Medium),TOWER STEEL,70.48,PROTECTION
1245,NSW006646_STR_2,NSW,C (Medium),TOWER STEEL,53.3,PROTECTION
1246,NSW006647_STR_1,NSW,C (Medium),BUILDING EXTERNAL,12.0,ENVIRONMENT / AESTHETIC
1247,NSW006648_STR_1,NSW,B (Low),MAST GUYED,76.2,AVIATION
1248,NSW006649_STR_1,NSW,C (Medium),POLE STEEL,20.0,NOT PAINTED
1249,NSW006650_STR_1,NSW,B (Low),POLE CONCRETE,30.0,NOT PAINTED
1250,NSW006651_STR_1,NSW,C (Medium),POLE STEEL,25.0,NOT PAINTED
1251,NSW006652_STR_1,NSW,C (Medium),POLE TIMBER,15.0,ENVIRONMENT / AESTHETIC
1252,NSW006652_STR_2,NSW,C (Medium),POLE TIMBER,15.0,ENVIRONMENT / AESTHETIC
1253,NSW006653_STR_1,NSW,B (Low),POLE CONCRETE,30.0,NOT PAINTED
1254,NSW006654_STR_1,NSW,B (Low),MAST GUYED,100.0,NOT PAINTED
1255,NSW006655_STR_1,NSW,C (Medium),POLE STEEL,27.35,NOT PAINTED
1256,NSW006656_STR_1,NSW,B (Low),TOWER STEEL,55.5,NOT PAINTED
1257,NSW006657_STR_1,NSW,B (Low),TOWER STEEL,30.0,NOT PAINTED
1258,NSW006658_STR_1,NSW,B (Low),MAST GUYED,70.0,NOT PAINTED
1259,NSW006659_STR_1,NSW,B (Low),TOWER STEEL,46.0,AVIATION
1260,NSW006660_STR_1,NSW,B (Low),MAST FREE STANDING,37.5,AVIATION
1261,NSW006661_STR_1,NSW,B (Low),TOWER STEEL,30.0,AVIATION
1262,NSW006662_STR_1,NSW,B (Low),MAST GUYED,70.0,AVIATION
1263,NSW006663_STR_1,NSW,C (Medium),POLE TIMBER,17.0,NOT PAINTED
1264,NSW006663_STR_2,NSW,C (Medium),POLE TIMBER,17.0,NOT PAINTED
1265,NSW006664_STR_1,NSW,B (Low),MAST GUYED,90.6,AVIATION
1266,NSW006665_STR_1,NSW,C (Medium),TOWER STEEL,40.0,NOT PAINTED
1267,NSW006666_STR_1,NSW,C (Medium),POLE STEEL,30.0,NOT PAINTED
1268,NSW006667_STR_1,NSW,B (Low),MAST FREE STANDING,15.0,NOT PAINTED
1269,NSW006668_STR_1,NSW,C (Medium),POLE STEEL,25.0,NOT PAINTED
1270,NSW006669_STR_1,NSW,C (Medium),POLE CONCRETE,15.0,NOT PAINTED
1271,NSW006670_STR_1,NSW,B (Low),TOWER STEEL,38.0,NOT PAINTED
1272,NSW006671_STR_1,NSW,C (Medium),POLE STEEL,30.0,NOT PAINTED
1273,NSW006672_STR_1,NSW,B (Low),POLE TIMBER,10.5,NOT PAINTED
1274,NSW006673_STR_1,NSW,B (Low),POLE TIMBER,12.0,NOT PAINTED
1275,NSW006674_STR_1,NSW,C (Medium),POLE CONCRETE,20.0,NOT PAINTED
1276,NSW006675_STR_1,NSW,B (Low),TOWER STEEL,68.6,NOT PAINTED
1277,NSW006676_STR_1,NSW,E (Very High),POLE CONCRETE,20.0,ENVIRONMENT / AESTHETIC
1278,NSW006677_STR_1,NSW,C (Medium),TOWER STEEL,42.2,NOT PAINTED
1279,NSW006678_STR_1,NSW,C (Medium),POLE STEEL,25.0,NOT PAINTED
1280,NSW006679_STR_1,NSW,C (Medium),TOWER STEEL,20.0,NOT PAINTED
1281,NSW006680_STR_1,NSW,C (Medium),POLE CONCRETE,20.0,NOT PAINTED
1282,NSW006681_STR_1,NSW,C (Medium),POLE TIMBER,16.0,NOT PAINTED
1283,NSW006681_STR_2,NSW,C (Medium),POLE TIMBER,16.0,NOT PAINTED
1284,NSW006682_STR_1,NSW,B (Low),MAST GUYED,91.4,AVIATION
1285,NSW006683_STR_1,NSW,B (Low),POLE CONCRETE,35.0,NOT PAINTED
1286,NSW006684_STR_1,NSW,C (Medium),TOWER STEEL,31.5,NOT PAINTED
1287,NSW006685_STR_1,NSW,C (Medium),POLE TIMBER,15.5,NOT PAINTED
1288,NSW006686_STR_1,NSW,B (Low),MAST FREE STANDING,18.0,NOT PAINTED
1289,NSW006687_STR_1,NSW,B (Low),TOWER STEEL,30.0,NOT PAINTED
1290,NSW006688_STR_1,NSW,B (Low),MAST GUYED,100.0,NOT PAINTED
1291,NSW006689_STR_1,NSW,C (Medium),POLE STEEL,25.0,NOT PAINTED
1292,NSW006690_STR_1,NSW,B (Low),TOWER STEEL,30.0,NOT PAINTED
1293,NSW006691_STR_1,NSW,C (Medium),POLE STEEL,20.0,NOT PAINTED
1294,NSW006692_STR_1,NSW,B (Low),TOWER STEEL,30.0,NOT PAINTED
1295,NSW006692_STR_2,NSW,B (Low),TOWER STEEL,30.5,NOT PAINTED
1296,NSW006693_STR_1,NSW,E (Very High),POLE STEEL,20.0,NOT PAINTED
1297,NSW006694_STR_1,NSW,B (Low),TOWER STEEL,76.2,NOT PAINTED
1298,NSW006695_STR_1,NSW,C (Medium),POLE STEEL,25.0,NOT PAINTED
1299,NSW006696_STR_1,NSW,C (Medium),POLE STEEL,35.0,NOT PAINTED
1300,NSW006697_STR_1,NSW,B (Low),TOWER STEEL,50.0,NOT PAINTED
1301,NSW006698_STR_1,NSW,C (Medium),POLE STEEL,30.0,NOT PAINTED
1302,NSW006699_STR_1,NSW,E (Very High),POLE TIMBER,12.0,NOT PAINTED
1303,NSW006699_STR_2,NSW,E (Very High),POLE TIMBER,12.0,NOT PAINTED
1304,NSW006699_STR_3,NSW,E (Very High),POLE TIMBER,12.0,NOT PAINTED
1305,NSW006700_STR_1,NSW,C (Medium),TOWER STEEL,40.0,NOT PAINTED
1306,NSW006701_STR_1,NSW,C (Medium),TOWER STEEL,30.5,AVIATION
1307,NSW006702_STR_1,NSW,B (Low),POLE STEEL,20.0,ENVIRONMENT / AESTHETIC
1308,NSW006703_STR_1,NSW,C (Medium),POLE STEEL,20.0,NOT PAINTED
1309,NSW006704_STR_1,NSW,B (Low),TOWER STEEL,50.0,NOT PAINTED
1310,NSW006705_STR_1,NSW,B (Low),TOWER STEEL,35.0,NOT PAINTED
1311,NSW006706_STR_1,NSW,C (Medium),POLE CONCRETE,30.0,NOT PAINTED
1312,NSW006707_STR_1,NSW,C (Medium),TOWER STEEL,20.0,NOT PAINTED
1313,NSW006708_STR_1,NSW,C (Medium),TOWER STEEL,10.0,NOT PAINTED
1314,NSW006708_STR_2,NSW,C (Medium),BUILDING EXTERNAL,10.0,
1315,NSW006709_STR_1,NSW,C (Medium),POLE STEEL,30.0,NOT PAINTED
1316,NSW006710_STR_1,NSW,C (Medium),POLE STEEL,20.0,ENVIRONMENT / AESTHETIC
1317,NSW006710_STR_2,NSW,C (Medium),POLE STEEL,20.0,ENVIRONMENT / AESTHETIC
1318,NSW006711_STR_1,NSW,C (Medium),POLE STEEL,10.0,NOT PAINTED
1319,NSW006712_STR_1,NSW,C (Medium),BUILDING EXTERNAL,24.89,NOT PAINTED
1320,NSW006713_STR_1,NSW,B (Low),TOWER STEEL,68.6,NOT PAINTED
1321,NSW006714_STR_1,NSW,C (Medium),POLE STEEL,30.0,NOT PAINTED
1322,NSW006715_STR_1,NSW,C (Medium),TOWER STEEL,45.7,AVIATION
1323,NSW006716_STR_1,NSW,C (Medium),POLE STEEL,30.0,NOT PAINTED
1324,NSW006716_STR_2,NSW,C (Medium),BUILDING EXTERNAL,11.2,
1325,NSW006717_STR_1,NSW,B (Low),TOWER STEEL,50.0,NOT PAINTED
1326,NSW006718_STR_1,NSW,C (Medium),POLE STEEL,30.0,NOT PAINTED
1327,NSW006719_STR_1,NSW,B (Low),MAST GUYED,100.0,AVIATION
1328,NSW006720_STR_1,NSW,B (Low),MAST GUYED,100.0,AVIATION
1329,NSW006721_STR_1,NSW,C (Medium),POLE STEEL,30.0,NOT PAINTED
1330,NSW006722_STR_1,NSW,C (Medium),POLE STEEL,25.0,NOT PAINTED
1331,NSW006723_STR_1,NSW,C (Medium),POLE CONCRETE,25.0,NOT PAINTED
1332,NSW006724_STR_1,NSW,B (Low),POLE TIMBER,12.0,NOT PAINTED
1333,NSW006725_STR_1,NSW,C (Medium),MAST FREE STANDING,12.0,NOT PAINTED
1334,NSW006726_STR_1,NSW,B (Low),POLE STEEL,6.0,NOT PAINTED
1335,NSW006727_STR_1,NSW,B (Low),POLE TIMBER,15.0,NOT PAINTED
1336,NSW006728_STR_1,NSW,B (Low),POLE CONCRETE,26.0,NOT PAINTED
1337,NSW006729_STR_1,NSW,C (Medium),TOWER STEEL,25.0,NOT PAINTED
1338,NSW006730_STR_1,NSW,C (Medium),POLE STEEL,30.0,NOT PAINTED
1339,NSW006731_STR_1,NSW,C (Medium),MAST GUYED,84.6,AVIATION
1340,NSW006732_STR_1,NSW,B (Low),TOWER STEEL,30.0,NOT PAINTED
1341,NSW006733_STR_1,NSW,B (Low),TOWER STEEL,30.0,NOT PAINTED
1342,NSW006734_STR_1,NSW,B (Low),TOWER STEEL,30.0,NOT PAINTED
1343,NSW006735_STR_1,NSW,B (Low),TOWER STEEL,38.1,AVIATION
1344,NSW006735_STR_2,NSW,B (Low),TOWER STEEL,30.5,AVIATION
1345,NSW006736_STR_1,NSW,B (Low),TOWER STEEL,45.7,NOT PAINTED
1346,NSW006737_STR_1,NSW,B (Low),TOWER STEEL,38.1,NOT PAINTED
1347,NSW006738_STR_1,NSW,C (Medium),BUILDING EXTERNAL,15.4,ENVIRONMENT / AESTHETIC
1348,NSW006739_STR_1,NSW,B (Low),POLE CONCRETE,20.0,NOT PAINTED
1349,NSW006740_STR_1,NSW,B (Low),TOWER STEEL,53.0,AVIATION
1350,NSW006741_STR_1,NSW,B (Low),TOWER STEEL,30.0,ENVIRONMENT / AESTHETIC
1351,NSW006742_STR_1,NSW,B (Low),MAST GUYED,75.5,AVIATION
1352,NSW006743_STR_1,NSW,C (Medium),TOWER STEEL,38.0,AVIATION
1353,NSW006743_STR_2,NSW,C (Medium),TOWER STEEL,23.0,NOT PAINTED
1354,NSW006744_STR_1,NSW,B (Low),MAST FREE STANDING,18.0,NOT PAINTED
1355,NSW006745_STR_1,NSW,E (Very High),POLE STEEL,20.0,NOT PAINTED
1356,NSW006746_STR_1,NSW,C (Medium),POLE STEEL,20.0,NOT PAINTED
1357,NSW006747_STR_1,NSW,B (Low),POLE STEEL,25.0,NOT PAINTED
1358,NSW006748_STR_1,NSW,B (Low),TOWER STEEL,50.0,NOT PAINTED
1359,NSW006749_STR_1,NSW,B (Low),MAST GUYED,100.0,NOT PAINTED
1360,NSW006750_STR_1,NSW,C (Medium),TOWER STEEL,13.3,NOT PAINTED
1361,NSW006751_STR_1,NSW,C (Medium),TOWER STEEL,30.0,NOT PAINTED
1362,NSW006752_STR_1,NSW,C (Medium),TOWER STEEL,15.0,NOT PAINTED
1363,NSW006753_STR_1,NSW,B (Low),POLE CONCRETE,30.0,NOT PAINTED
1364,NSW006753_STR_2,NSW,B (Low),TOWER STEEL,30.0,AVIATION
1365,NSW006754_STR_1,NSW,B (Low),MAST GUYED,85.34,AVIATION
1366,NSW006755_STR_1,NSW,C (Medium),TOWER STEEL,45.7,NOT PAINTED
1367,NSW006756_STR_1,NSW,C (Medium),BUILDING EXTERNAL,17.05,NOT PAINTED
1368,NSW006757_STR_1,NSW,C (Medium),POLE STEEL,25.0,NOT PAINTED
1369,NSW006758_STR_1,NSW,C (Medium),POLE STEEL,25.0,ENVIRONMENT / AESTHETIC
1370,NSW006759_STR_1,NSW,C (Medium),TOWER STEEL,50.0,NOT PAINTED
1371,NSW006760_STR_1,NSW,B (Low),MAST FREE STANDING,30.0,NOT PAINTED
1372,NSW006761_STR_1,NSW,C (Medium),POLE STEEL,25.0,NOT PAINTED
1373,NSW006762_STR_1,NSW,E (Very High),TOWER STEEL,40.0,PROTECTION
1374,NSW006763_STR_1,NSW,B (Low),MAST GUYED,120.0,AVIATION
1375,NSW006764_STR_1,NSW,B (Low),TOWER STEEL,30.0,NOT PAINTED
1376,NSW006765_STR_1,NSW,B (Low),POLE CONCRETE,33.0,NOT PAINTED
1377,NSW006766_STR_1,NSW,C (Medium),POLE STEEL,30.0,NOT PAINTED
1378,NSW006767_STR_1,NSW,B (Low),MAST GUYED,70.0,AVIATION
1379,NSW006768_STR_1,NSW,C (Medium),POLE STEEL,30.0,NOT PAINTED
1380,NSW006769_STR_1,NSW,B (Low),POLE STEEL,30.0,ENVIRONMENT / AESTHETIC
1381,NSW006770_STR_1,NSW,B (Low),TOWER STEEL,50.0,NOT PAINTED
1382,NSW006771_STR_1,NSW,B (Low),TOWER STEEL,22.9,AVIATION
1383,NSW006772_STR_1,NSW,B (Low),TOWER STEEL,30.5,NOT PAINTED
1384,NSW006773_STR_1,NSW,B (Low),POLE CONCRETE,30.0,NOT PAINTED
1385,NSW006774_STR_1,NSW,B (Low),TOWER STEEL,38.1,NOT PAINTED
1386,NSW006775_STR_1,NSW,B (Low),MAST GUYED,70.0,AVIATION
1387,NSW006776_STR_1,NSW,B (Low),POLE TIMBER,10.0,NOT PAINTED
1388,NSW006776_STR_2,NSW,B (Low),POLE STEEL,10.0,
1389,NSW006777_STR_1,NSW,C (Medium),BUILDING EXTERNAL,12.9,NOT PAINTED
1390,NSW006777_STR_2,NSW,C (Medium),BUILDING EXTERNAL,18.6,NOT PAINTED
1391,NSW006778_STR_1,NSW,B (Low),TOWER STEEL,22.9,NOT PAINTED
1392,NSW006779_STR_1,NSW,B (Low),MAST GUYED,100.0,AVIATION
1393,NSW006780_STR_1,NSW,C (Medium),POLE STEEL,40.0,NOT PAINTED
1394,NSW006781_STR_1,NSW,C (Medium),POLE STEEL,30.0,NOT PAINTED
1395,NSW006781_STR_2,NSW,A (Very Low),POLE STEEL,30.0,
1396,NSW006782_STR_1,NSW,B (Low),TOWER STEEL,40.0,NOT PAINTED
1397,NSW006783_STR_1,NSW,B (Low),MAST GUYED,70.0,NOT PAINTED
1398,NSW006784_STR_1,NSW,C (Medium),TOWER STEEL,20.0,NOT PAINTED
1399,NSW006785_STR_1,NSW,E (Very High),POLE TIMBER,15.0,NOT PAINTED
1400,NSW006786_STR_1,NSW,C (Medium),TOWER STEEL,40.0,NOT PAINTED
1401,NSW006787_STR_1,NSW,C (Medium),POLE STEEL,35.0,ENVIRONMENT / AESTHETIC
1402,NSW006788_STR_1,NSW,E (Very High),MAST FREE STANDING,10.0,NOT PAINTED
1403,NSW006789_STR_1,NSW,B (Low),TOWER STEEL,20.0,ENVIRONMENT / AESTHETIC
1404,NSW006790_STR_1,NSW,B (Low),TOWER STEEL,46.0,AVIATION
1405,NSW006791_STR_1,NSW,B (Low),TOWER STEEL,30.48,NOT PAINTED
1406,NSW006792_STR_1,NSW,B (Low),POLE TIMBER,6.0,NOT PAINTED
1407,NSW006792_STR_2,NSW,B (Low),POLE TIMBER,11.0,NOT PAINTED
1408,NSW006793_STR_1,NSW,B (Low),POLE CONCRETE,20.0,NOT PAINTED
1409,NSW006794_STR_1,NSW,B (Low),MAST GUYED,75.5,AVIATION
1410,NSW006795_STR_1,NSW,B (Low),MAST GUYED,80.2,NOT PAINTED
1411,NSW006796_STR_1,NSW,C (Medium),TOWER STEEL,30.0,NOT PAINTED
1412,NSW006797_STR_1,NSW,C (Medium),TOWER STEEL,30.0,NOT PAINTED
1413,NSW006798_STR_1,NSW,C (Medium),POLE STEEL,30.0,NOT PAINTED
1414,NSW006799_STR_1,NSW,C (Medium),POLE STEEL,30.0,NOT PAINTED
1415,NSW006800_STR_1,NSW,E (Very High),POLE CONCRETE,30.0,NOT PAINTED
1416,NSW006801_STR_1,NSW,B (Low),POLE STEEL,35.0,NOT PAINTED
1417,NSW006802_STR_1,NSW,B (Low),MAST GUYED,150.0,AVIATION
1418,NSW006803_STR_1,NSW,B (Low),TOWER STEEL,10.5,NOT PAINTED
1419,NSW006804_STR_1,NSW,C (Medium),POLE STEEL,30.0,NOT PAINTED
1420,NSW006805_STR_1,NSW,B (Low),TOWER STEEL,30.5,NOT PAINTED
1421,NSW006806_STR_1,NSW,B (Low),POLE CONCRETE,11.0,NOT PAINTED
1422,NSW006806_STR_2,NSW,B (Low),POLE STEEL,15.0,NOT PAINTED
1423,NSW006807_STR_1,NSW,B (Low),MAST GUYED,37.4,NOT PAINTED
1424,NSW006808_STR_1,NSW,C (Medium),MAST FREE STANDING,15.0,NOT PAINTED
1425,NSW006809_STR_1,NSW,A (Very Low),TOWER STEEL,15.0,NOT PAINTED
1426,NSW006810_STR_1,NSW,C (Medium),BUILDING EXTERNAL,15.2,NOT PAINTED
1427,NSW006811_STR_1,NSW,B (Low),MAST GUYED,70.0,AVIATION
1428,NSW006812_STR_1,NSW,B (Low),TOWER STEEL,70.0,NOT PAINTED
1429,NSW006812_STR_2,NSW,B (Low),TOWER STEEL,30.0,NOT PAINTED
1430,NSW006813_STR_1,NSW,C (Medium),POLE STEEL,30.0,NOT PAINTED
1431,NSW006814_STR_1,NSW,E (Very High),TOWER STEEL,61.0,PROTECTION
1432,NSW006815_STR_1,NSW,B (Low),POLE CONCRETE,30.0,NOT PAINTED
1433,NSW006816_STR_1,NSW,C (Medium),TOWER STEEL,61.0,NOT PAINTED
1434,NSW006817_STR_1,NSW,B (Low),MAST FREE STANDING,13.5,NOT PAINTED
1435,NSW006818_STR_1,NSW,B (Low),MAST GUYED,80.0,AVIATION
1436,NSW006819_STR_1,NSW,B (Low),POLE TIMBER,11.0,NOT PAINTED
1437,NSW006819_STR_2,NSW,B (Low),TOWER STEEL,24.0,NOT PAINTED
1438,NSW006819_STR_3,NSW,B (Low),TOWER STEEL,30.0,NOT PAINTED
1439,NSW006820_STR_1,NSW,B (Low),TOWER STEEL,50.0,NOT PAINTED
1440,NSW006821_STR_1,NSW,B (Low),POLE CONCRETE,30.0,NOT PAINTED
1441,NSW006822_STR_1,NSW,B (Low),TOWER STEEL,30.5,NOT PAINTED
1442,NSW006823_STR_1,NSW,C (Medium),TOWER STEEL,26.0,PROTECTION
1443,NSW006824_STR_1,NSW,C (Medium),POLE STEEL,30.0,AVIATION
1444,NSW006825_STR_1,NSW,C (Medium),POLE STEEL,30.0,NOT PAINTED
1445,NSW006826_STR_1,NSW,B (Low),MAST FREE STANDING,18.0,NOT PAINTED
1446,NSW006827_STR_1,NSW,B (Low),POLE CONCRETE,30.0,NOT PAINTED
1447,NSW006828_STR_1,NSW,B (Low),TOWER STEEL,30.5,NOT PAINTED
1448,NSW006829_STR_1,NSW,B (Low),MAST GUYED,70.0,NOT PAINTED
1449,NSW006830_STR_1,NSW,B (Low),TOWER STEEL,30.0,NOT PAINTED
1450,NSW006831_STR_1,NSW,B (Low),POLE STEEL,20.0,NOT PAINTED
1451,NSW006832_STR_1,NSW,C (Medium),TOWER STEEL,26.24,AVIATION
1452,NSW006833_STR_1,NSW,B (Low),TOWER STEEL,45.7,NOT PAINTED
1453,NSW006834_STR_1,NSW,C (Medium),TOWER STEEL,50.0,NOT PAINTED
1454,NSW006835_STR_1,NSW,B (Low),TOWER STEEL,29.75,NOT PAINTED
1455,NSW006836_STR_1,NSW,C (Medium),BUILDING EXTERNAL,20.0,NOT PAINTED
1456,NSW006837_STR_1,NSW,B (Low),POLE CONCRETE,10.0,PROTECTION
1457,NSW006838_STR_1,NSW,B (Low),MAST GUYED,60.0,NOT PAINTED
1458,NSW006839_STR_1,NSW,C (Medium),TOWER STEEL,30.5,ENVIRONMENT / AESTHETIC
1459,NSW006840_STR_1,NSW,C (Medium),TOWER STEEL,45.0,NOT PAINTED
1460,NSW006841_STR_1,NSW,E (Very High),POLE STEEL,15.5,NOT PAINTED
1461,NSW006842_STR_1,NSW,B (Low),TOWER STEEL,25.0,NOT PAINTED
1462,NSW006843_STR_1,NSW,B (Low),TOWER STEEL,30.0,NOT PAINTED
1463,NSW006845_STR_1,NSW,C (Medium),TOWER STEEL,55.0,NOT PAINTED
1464,NSW006846_STR_1,NSW,B (Low),MAST GUYED,100.0,AVIATION
1465,NSW006847_STR_1,NSW,C (Medium),POLE STEEL,25.0,NOT PAINTED
1466,NSW006848_STR_1,NSW,B (Low),MAST GUYED,100.0,AVIATION
1467,NSW006849_STR_1,NSW,B (Low),MAST GUYED,100.0,AVIATION
1468,NSW006850_STR_1,NSW,B (Low),TOWER STEEL,50.0,NOT PAINTED
1469,NSW006851_STR_1,NSW,B (Low),MAST FREE STANDING,10.0,NOT PAINTED
1470,NSW006852_STR_1,NSW,B (Low),MAST GUYED,100.0,NOT PAINTED
1471,NSW006853_STR_1,NSW,B (Low),TOWER STEEL,30.5,NOT PAINTED
1472,NSW006854_STR_1,NSW,C (Medium),TOWER STEEL,53.0,ENVIRONMENT / AESTHETIC
1473,NSW006854_STR_2,NSW,C (Medium),TOWER STEEL,38.1,ENVIRONMENT / AESTHETIC
1474,NSW006855_STR_1,NSW,B (Low),TOWER STEEL,38.1,NOT PAINTED
1475,NSW006856_STR_1,NSW,C (Medium),POLE STEEL,35.0,NOT PAINTED
1476,NSW006857_STR_1,NSW,C (Medium),BUILDING EXTERNAL,35.0,NOT PAINTED
1477,NSW006857_STR_2,NSW,C (Medium),TOWER STEEL,8.0,
1478,NSW006857_STR_3,NSW,C (Medium),BUILDING EXTERNAL,6.2,
1479,NSW006858_STR_1,NSW,B (Low),POLE CONCRETE,30.0,NOT PAINTED
1480,NSW006859_STR_1,NSW,C (Medium),POLE CONCRETE,28.0,NOT PAINTED
1481,NSW006860_STR_1,NSW,C (Medium),POLE STEEL,15.0,NOT PAINTED
1482,NSW006860_STR_2,NSW,C (Medium),BUILDING EXTERNAL,6.0,
1483,NSW006862_STR_1,NSW,B (Low),TOWER STEEL,30.5,NOT PAINTED
1484,NSW006863_STR_1,NSW,C (Medium),TOWER STEEL,20.0,NOT PAINTED
1485,NSW006864_STR_1,NSW,C (Medium),POLE STEEL,40.0,ENVIRONMENT / AESTHETIC
1486,NSW006865_STR_1,NSW,B (Low),POLE STEEL,30.0,NOT PAINTED
1487,NSW006866_STR_1,NSW,B (Low),TOWER STEEL,22.9,NOT PAINTED
1488,NSW006867_STR_1,NSW,B (Low),TOWER STEEL,53.3,NOT PAINTED
1489,NSW006868_STR_1,NSW,B (Low),POLE CONCRETE,30.0,NOT PAINTED
1490,NSW006869_STR_1,NSW,E (Very High),POLE CONCRETE,18.5,NOT PAINTED
1491,NSW006870_STR_1,NSW,B (Low),TOWER STEEL,50.0,NOT PAINTED
